0,1,2,3
"('id', None)","('metadata', {'producer': 'LibreOffice 5.2', 'creator': 'Writer', 'creationdate': '2024-08-12T14:35:14+00:00', 'author': 'Neiffeth Julieth Vargas Vargas', 'source': '../../../assets/DG_docs/PDFs_test/2024S-VBOG-054699.pdf', 'total_pages': 3, 'page': 0, 'page_label': '1'})","('page_content', 'Al contestar cite este radicado: 2024S-VBOG-054699\nFecha: 2024-08-12 09:38:46\nDOCTOR:\nHR CARLOS ALBERTO CARREÑO MARÍN\nREPRESENTANTE \nCONGRESO DE LA REPÚBLICA\nCarrera 7 No. 8-68 - Edificio Nuevo del Congreso\ncarlos.carreno@camara.gov.co\nBOGOTÁ, D.C.\nAsunto: Respuesta al radicado 2024E-VUVRAZ-067052.\nCordial saludo Representante Carreño,\nEn atención  a la solicitud de información  allegada mediante el radicado del asunto,  de\nmanera atenta se brinda respuesta a su solicitud conforme con la información reportada\npor  el  Programa  Caminos  Comunitarios  de  la  Paz  Total  (en  adelante,  “el  Programa\nCCPT”) y la Subdirección de Vías Regionales de la Dirección de Ejecución y Operación\n-DEO-  del  Instituto  Nacional  de  Vías  (en  adelante,  “la  entidad”  o  “el  INVÍAS”),  de\nconformidad con las consideraciones a continuación:\n“(…) Solicito que se brinde información sobre los convenios solidarios en el marco del\nprograma Caminos Comunitarios para la Paz Total. \n \nEsto,  teniendo  en  cuenta  que  desde  el  mes  de  noviembre  de  2023,  algunos  líderes\ncomunales del municipio de Palocabildo, Tolima, más exactamente de las veredas Muleros\ny Frías, pasaron la documentación requerida y a la fecha la institución no se ha vuelto a\ncomunicar con los líderes sobre el estado del proceso para mejorar las carreteras que\ncomunican el municipio con las veredas mencionadas anteriormente (…)”. \nLa convocatoria pública en el  marco del Programa CCPT adelantada  por el INVÍAS,\nestuvo orientada a la identificación de las necesidades en la red vial regional (terciaria y\nsecundaria)  del  país,  para  lo  cual  cualquier  Organismo  de  Acción  Comunal  (OAC),\ncomunidad étnica o entidad sin ánimo de lucro podía presentar su necesidad, información\ncon la cual se contaría con un insumo base para la planeación y estructuración de los\ntramos a intervenir en el marco de ejecución del Programa CCPT, con la participación\nactiva de la comunidad.\nINSTITUTO NACIONAL DE VÍAS - INVÍAS Página 1 | 3\nDirección: Calle 25G # 73B-90, Bogotá D.C., Colombia\nConmutador: (+57) 601 377 0600\nLínea Gratuita: (+57) 01 8000 117844\nCorreo institucional: atencionciudadano@invias.gov.co\nFecha: 2024-08-12 09:38:46\nRadicado: 2024S-VBOG-054699\nDestino: HR Carlos Alberto Carreño Marín\nAnexos: 0')","('type', 'Document')"
"('id', None)","('metadata', {'producer': 'LibreOffice 5.2', 'creator': 'Writer', 'creationdate': '2024-08-12T14:35:14+00:00', 'author': 'Neiffeth Julieth Vargas Vargas', 'source': '../../../assets/DG_docs/PDFs_test/2024S-VBOG-054699.pdf', 'total_pages': 3, 'page': 1, 'page_label': '2'})","('page_content', 'Como resultado de esta convocatoria se obtuvieron 29.350 registros, de los cuales 23.238\nquedaron con la información completa y 6.112 no finalizaron el proceso por falta de\ndocumentos o se encontraban sin información de los tramos que requieren atención, para\nlo cual, por parte del INVIAS, se realizó una estrategia de acompañamiento con el objetivo\nde dar por finalizado el registro de manera satisfactoria.\nCon respecto a la postulación a la que hace referencia la solicitud, aunque la intención del\nGobierno  Nacional  es  atender  la  totalidad  de  tramos,  las  intervenciones  exigen  una\ndinámica  paulatina  conforme al flujo  de  recursos económicos asignados al  Programa\ndurante  cada  vigencia,  motivo  por  el  cual  las  visitas  en  territorio  y  la  subsecuente\nsuscripción de convenios, se realizará en la misma forma\nEs menester resaltar que el proceso de estudio y viabilidad de los tramos postulados, se\nrealizó a partir de un trabajo articulado entre el Ministerio de Transporte, el Departamento\nNacional de Planeación - DNP , el Instituto Nacional de Vías – INVIAS - y la Unidad de\nPlaneación de Infraestructura de Transporte – UPIT-, surtiéndose varias mesas de trabajo\npara identificar los tramos que serían atendidos en el marco de desarrollo y ejecución del\nmismo, teniendo en cuenta las bases de datos geográficas y alfanuméricas existentes de\nvías regionales estratégicas identificadas por el DNP , Ministerio de Transporte y UPIT, las\ncuales fueron cruzadas y analizadas con los archivos geográficos de las postulaciones\n(puntos inicio-fin).\nCon el objetivo de realizar un análisis adicional, se tuvo en cuenta la priorización del Plan\nNacional de Vías para la Integración Regional -PNVIR, adoptado mediante la Resolución\n3260 de 2018 del Ministerio de Transporte, que se encuentra dentro de la información\ngeográfica del IGAC (tomada del Observatorio Nacional de Logística del DNP) como un\ncriterio  adicional  de  consulta  y  análisis  de  la  información,  además  de  información\nrelacionada  con  medición  de  índices  de  pobreza  multidimensional  y  municipios\nmarginados y/o excluidos. \nDe acuerdo con lo anterior, durante las vigencias 2023 y 2024 y conforme a los criterios\ncon anterioridad  mencionados, para el  municipio de Palocabildo, Tolima, aún  no han\nresultado priorizados  los tramos postulados por las juntas de accion  comunal de las\nveredas  Mulero  y  Frías;  su  intervención  se  definirá  en  las  siguientes  anualidades,\natendiendo a la asignación de recursos que se realice a la entidad, la documentación\nrequerida por parte de los OAC y que el tramo vial postulado se encuentre en el área de\ninfluencia del postulante y en vías regionales o caminos ancestrales.\nFinalmente, téngase presente que en la página web oficial del Programa, a la cual podrá\nacceder  a  través  del  enlace:  https://caminoscomunitarios.invias.gov.co/, se  han\npublicado y publicaran las visitas que se tienen programadas para la vigencia 2024 y\n2025. A través de esta publicación se podrá consultar el respectivo estado y avance del\nPrograma que aquí nos atañe.\nINSTITUTO NACIONAL DE VÍAS - INVÍAS Página 2 | 3\nDirección: Calle 25G # 73B-90, Bogotá D.C., Colombia\nConmutador: (+57) 601 377 0600\nLínea Gratuita: (+57) 01 8000 117844\nCorreo institucional: atencionciudadano@invias.gov.co')","('type', 'Document')"
"('id', None)","('metadata', {'producer': 'LibreOffice 5.2', 'creator': 'Writer', 'creationdate': '2024-08-12T14:35:14+00:00', 'author': 'Neiffeth Julieth Vargas Vargas', 'source': '../../../assets/DG_docs/PDFs_test/2024S-VBOG-054699.pdf', 'total_pages': 3, 'page': 2, 'page_label': '3'})","('page_content', 'Aseguramos nuestro compromiso con los principios de transparencia y equidad en el\nproceso de selección de las juntas de acción  comunal y en  la  adecuada y eficiente\nasignación de los recursos para que los proyectos seleccionados contribuyan al desarrollo\ny bienestar de las comunidades de nuestro país.\nCordialmente,\nJUAN CARLOS MONTENEGRO ARJONA\nDIRECTOR GENERAL\nProyectado por: MARIA CAROLINA PRIETO CASTAÑEDA\nRevisado por: JOSE MANUEL GOMEZ DUQUE, LUIS FERNANDO SEPULVEDA ORTIZ, RUBY AMPARO  MALAVER\nMONTAÑA\nAprobado por: LUIS FERNANDO SEPULVEDA ORTIZ, RUBY AMPARO  MALAVER MONTAÑA\nCopia Interna a: MARISOL ANDRADE MARTINEZ (1000000)\nINSTITUTO NACIONAL DE VÍAS - INVÍAS Página 3 | 3\nDirección: Calle 25G # 73B-90, Bogotá D.C., Colombia\nConmutador: (+57) 601 377 0600\nLínea Gratuita: (+57) 01 8000 117844\nCorreo institucional: atencionciudadano@invias.gov.co')","('type', 'Document')"
"('id', None)","('metadata', {'producer': 'LibreOffice 5.2', 'creator': 'Writer', 'creationdate': '2024-08-17T01:17:41+00:00', 'author': 'Neiffeth Julieth Vargas Vargas', 'source': '../../../assets/DG_docs/PDFs_test/2024S-VBOG-056838.pdf', 'total_pages': 15, 'page': 0, 'page_label': '1'})","('page_content', 'Al contestar cite este radicado: 2024S-VBOG-056838\nFecha: 2024-08-16 20:21:17\nDOCTOR:\nJAIME LUIS LACOUTURE PEÑALOZA\nSECRETARIO GENERAL CÁMARA DE REPRESENTANTES\nCONGRESO DE LA REPÚBLICA\nCalle 10 No. 7- 51. Capitolio Nacional - Secretaría General - 1° piso\nsecretaria.general@camara.gov.co\nBOGOTÁ, D.C.\nAsunto: Respuesta a los radicados 2024E-VUVRAZ-069640, 2024E-VUVRAZ-071574\n(Traslado con radicado ANI Nº  20245020265561),  2024E-VUVRAZ-071872 (Traslado\ncon  radicado  ANI  Nº 20243070269701),  2024E-VUVRAZ-072578  (Traslado  con\nradicado  MT  Nº  20241080916891),  2024E-VUVRAZ-072579,  2024E-VUVRAZ-072679\n(Traslados con radicado MT Nº 20241080916891) y 2024E-VUVRAZ-074206 (Traslado\ncon radicado MT Nº 20241080938581).\nCordial saludo Secretario Lacouture,\nEn atención a los cuestionarios relacionados con la proposición Nº 127/24, allegados a\nesta entidad con los radicados del asunto y referidos a las “ Obras de infraestructura en\ntransporte”; de manera atenta, se brinda respuesta a los cuestionarios, conforme a la\ninformación reportada por la Dirección de Ejecución y Operación del INVÍAS, en los\nsiguientes términos:\nCUESTIONARIO     HR JOSÉ     ELIÉCER     SALAZAR      \nA. RUTA DEL SOL II Y III\nCUESTIONARIO  PARA EL  MINISTERIO  DE  TRANSPORTE,  INVÍAS  Y  AGENCIA\nNACIONAL DE INFRAESTRUCTURA.\n1. Sírvase presentar un informe financiero completo de los proyectos de\ninfraestructura Ruta del Sol Sector II.\n\uf0b7 Presentar un informe completo que responda ¿Cómo ha sido la ejecución\nde  los  recursos asignados al Instituto Nacional de Vías – INVIAS para\nmantenimiento de  la Ruta del Sol II?, ¿Cómo  avanza  dicha inversión o\nindicar si ya ha terminado? Relacione  los tramos pendientes por finalizar\nbeneficiados por la inversión, realice una descripción completa de como\navanza la ejecución por tramo así:\n_____________________________________________________________________________________________________\nINSTITUTO NACIONAL DE VÍAS Página 1 | 15\nDirección: Calle 25G # 73B - 90, Bogotá D.C., Colombia\nPBX: (+57) 601 377 0600 Línea gratuita: 018000117844\nCorreo institucional: atencionciudadano@invias.gov.co\nhttp://www.invias.gov.co\nFecha: 2024-08-16 20:21:17\nRadicado: 2024S-VBOG-056838\nDestino: Jaime Luis Lacouture Peñaloza\nAnexos: 0')","('type', 'Document')"
"('id', None)","('metadata', {'producer': 'LibreOffice 5.2', 'creator': 'Writer', 'creationdate': '2024-08-17T01:17:41+00:00', 'author': 'Neiffeth Julieth Vargas Vargas', 'source': '../../../assets/DG_docs/PDFs_test/2024S-VBOG-056838.pdf', 'total_pages': 15, 'page': 1, 'page_label': '2'})","('page_content', 'o Tramo 1: Comprendido entre Puerto Salgar – Puerto Araujo\no Tramo 2: Comprendido entre Puerto Araujo – San Alberto\no Tramo 3: Comprendido entre San Alberto – San Roque\no Tramo 4: Comprendido entre Agua Clara - Gamarra\no Tramo 5: Agua Clara – Ocaña\nDando respuesta a la presente solicitud,  se tiene que el INVÍAS adelantó los siguientes\ncontratos:\nCONTRATO No. CARRETERA/SECTOR\nLONGITUD\nDEL TRAMO\n(KMS)\nVALOR\nEJECUTADO\n1037-2021 y\n1066-2021\nCONTRATOS DE MANTENIMIENTO\nRUTINARIO Y PERIÓDICO, E\nINTERVENTORÍA_PUERTO SALGAR -\nPUERTO ARAUJO, RUTAS 4510 Y 4511\n161 25.369.981.14\n1\n1051-2021 y \n1067-2021\nCONTRATOS DE MANTENIMIENTO\nRUTINARIO Y PERIÓDICO, E\nINTERVENTORÍA_SAN ALBERTO - LA MATA-\nSAN ROQUE, RUTA 4514 Y 4515\n189 26.149.446.93\n3\n957-2022 y \n969-2022\nCONTRATOS DE MANTENIMIENTO\nRUTINARIO Y PERIÓDICO, E\nINTERVENTORÍA_PUERTO SALGAR- SAN\nROQUE, RUTAS 4510, 4511 4514,\n4515 Y 4516.\n529 23.243.715.54\n7\nSe realizó el mantenimiento periódico y rutinario de la vía en todo el trayecto de la Ruta\ndel Sol II:\n\uf0b7 Tramo 1: Comprendido entre Puerto Salgar – Puerto Araujo.\n\uf0b7 Tramo 2: Comprendido entre Puerto Araujo – San Alberto.\n\uf0b7 Tramo 3: Comprendido entre San Alberto – San Roque.\nCon el contrato No. 957 de 2022 se realizó mantenimiento a toda la vía hasta el 30 de\nnoviembre de 2022.\nPara el 01 de diciembre de 2022, los tres tramos de la Ruta del Sol II fueron entregados a\nla  ANI,  quien  este  mismo  día  entregó  a  las  dos  concesiones  que  se  mencionan  a\ncontinuación:\n\uf0b7 Concesión Autopista Magdalena Medio S.A.\n\uf0b7 Concesión Autopista del Río Grande S.A.\n_____________________________________________________________________________________________________\nINSTITUTO NACIONAL DE VÍAS Página 2 | 15\nDirección: Calle 25G # 73B - 90, Bogotá D.C., Colombia\nPBX: (+57) 601 377 0600 Línea gratuita: 018000117844\nCorreo institucional: atencionciudadano@invias.gov.co\nhttp://www.invias.gov.co')","('type', 'Document')"
"('id', None)","('metadata', {'producer': 'LibreOffice 5.2', 'creator': 'Writer', 'creationdate': '2024-08-17T01:17:41+00:00', 'author': 'Neiffeth Julieth Vargas Vargas', 'source': '../../../assets/DG_docs/PDFs_test/2024S-VBOG-056838.pdf', 'total_pages': 15, 'page': 2, 'page_label': '3'})","('page_content', 'Con anterioridad el INVIAS realizó una inversión superior a los COP$440.000.000.000  en\ndonde se adelantaron actividades en los siguientes tramos:\n\uf0b7 T1 PUERTO SALGAR – PUERTO ARAUJO: CONTRATOS 1171 Y 1187 DE 2018.\no Inversión total: COP$140.731.439.890.\no Inversión obra: COP$133.242.583.045.\no Inversión interventoría: COP$9.788.998.151.\no Actividades:  Terminación  de  la  segunda  calzada  en  longitud  de  12,9  km.,\nseñalización horizontal y vertical, obras de drenaje y obras complementarias\nen  14,3  km.,  rehabilitación  1,95  km.,  construcción  del  intercambiador  de\nPuerto Boyacá con un avance físico del 100%, construcción Caseta peaje\nzambito, mantenimiento periódico a lo largo del corredor en los sitios que por\nnecesidades mínimas urgentes requerían ser intervenidos mediante reposición\nde carpeta asfáltica, mantenimiento rutinario a lo largo de los 161 km.\no Avance físico: 100%.\no Fecha de finalización: 15-10-2021.\n\uf0b7 T2 PUERTO ARAUJO – SAN ALBERTO: CONTRATOS 1177 Y 1188 DE 2018.\no Inversión total: COP$165.048.916.250.\no Inversión obra: COP$154.049.143.651.\no Inversión interventoría: COP$10.999.772.599.\no Actividades:  Con  las  actividades  de  construcción,  terminación  de  la\nconstrucción,  señalización  y  obras  complementarias  se  recuperaron  y\nhabilitaron 35.9 km. de segunda calzada, se repavimentaron 49 km. de la\ncalzada existente y se adelantaron actividades de mantenimiento periódico y\nrutinario en el corredor.\no Avance físico: 100%.\no Fecha de finalización: 31-01-2022.\n\uf0b7 T3 SAN ALBERTO – SAN ROQUE: CONTRATOS 1172 Y 1189 DE 2018.\no Inversión total: COP$85.566.610.971,16.\no Inversión obra: COP$78.876.284.147,16.\no Inversión interventoría: COP$6.690.326.824.\no Actividades:  Terminación  de  construcción  segunda  calzada  5,07  km.,\nhabilitación de segunda calzada 2,43 km., mantenimiento periódico y rutinario\na lo largo del corredor (189 km.), mejoramiento de 17,3 km., rehabilitación\npaso urbano San Martín 1,7 km. y terminación peaje Pailitas.\no Avance físico: 100% finalizado.\no Fecha de finalización: 31-10-2020.\n_____________________________________________________________________________________________________\nINSTITUTO NACIONAL DE VÍAS Página 3 | 15\nDirección: Calle 25G # 73B - 90, Bogotá D.C., Colombia\nPBX: (+57) 601 377 0600 Línea gratuita: 018000117844\nCorreo institucional: atencionciudadano@invias.gov.co\nhttp://www.invias.gov.co')","('type', 'Document')"
"('id', None)","('metadata', {'producer': 'LibreOffice 5.2', 'creator': 'Writer', 'creationdate': '2024-08-17T01:17:41+00:00', 'author': 'Neiffeth Julieth Vargas Vargas', 'source': '../../../assets/DG_docs/PDFs_test/2024S-VBOG-056838.pdf', 'total_pages': 15, 'page': 3, 'page_label': '4'})","('page_content', '\uf0b7 T4 AGUACLARA – GAMARRA: CONTRATO DE OBRA NO.1179 DE 2018.\no Inversión total: COP$14.549.329.722\no Objeto:  Continuación  de  la  construcción,  mejoramiento,  rehabilitación,\nmantenimiento, gestión social, predial y ambiental de la Transversal Ocaña\nAguaclara  - Gamarra,  tramo  Aguaclara  - Gamarra  en  el  departamento  de\nCesar.\no Inversión Obra: COP$12.367.342.090\nCONTRATO PRINCIPAL Y ADICIONES:\nLOCALIZACIÓN Y LONGITUD DE LA META FÍSICA EJECUTADA:\n\uf0a7 Ruta  45CS04:  Mantenimiento  y  refuerzo  del  PR  0+000  al  PR  3+500\nlongitud total: 3,5 km.\n\uf0a7 Ruta 45CS04: Mantenimiento rutinario del PR 0+000 al PR 4+000 longitud\ntotal: 4,0 km.\n\uf0a7 Ruta 7006: Mantenimiento y refuerzo PR 1+970 a PR 2+640, longitud 1,54\nkm.\n\uf0a7 Ruta 7006: Rehabilitación PR 2+640 a PR 3+430, longitud 0,79 km.\n\uf0a7 Ruta 7006: Mantenimiento y refuerzo PR 3+430 al PR 4+974, longitud 1,54\nkm.\n\uf0a7 Ruta 7006: Mejoramiento PR 5+000 a PR 7+530, longitud 2,53 km.\n\uf0a7 Ruta 7006: Mantenimiento y refuerzo PR 11+400 a PR 12+850, longitud\n1,45 km.\n\uf0a7 Ruta 7006: Mantenimiento rutinario del PR 01+000 a PR 13+500, longitud\n12,5 km.\nVALOR TOTAL EJECUTADO DEL CONTRATO DE OBRA:\n\uf0a7 Valor básico ejecutado del contrato: COP$11.807.382.250,80 \n\uf0a7 Valor IVA: COP$159.576.962,71\n\uf0a7 Valor total ejecutado del contrato: COP$11.966.959.213,51\nA continuación, se presenta resumen financiero del contrato de obra:\n_____________________________________________________________________________________________________\nINSTITUTO NACIONAL DE VÍAS Página 4 | 15\nDirección: Calle 25G # 73B - 90, Bogotá D.C., Colombia\nPBX: (+57) 601 377 0600 Línea gratuita: 018000117844\nCorreo institucional: atencionciudadano@invias.gov.co\nhttp://www.invias.gov.co')","('type', 'Document')"
"('id', None)","('metadata', {'producer': 'LibreOffice 5.2', 'creator': 'Writer', 'creationdate': '2024-08-17T01:17:41+00:00', 'author': 'Neiffeth Julieth Vargas Vargas', 'source': '../../../assets/DG_docs/PDFs_test/2024S-VBOG-056838.pdf', 'total_pages': 15, 'page': 4, 'page_label': '5'})","('page_content', 'CONTRATO DE INTERVENTORÍA NO. 1241-2018:\n\uf0a7 Objeto: Interventoría para la continuación de: mejoramiento, rehabilitación,\nmantenimiento, gestión social, predial y ambiental de la Transversal Ocaña\nAguaclara - Gamarra, tramo Aguaclara - Gamarra en el departamento de\nCesar.\n\uf0a7 Inversión Interventoría: COP$2.181.987.632\nCONTRATO PRINCIPAL Y ADICIONES:\n\uf0b7 T5 AGUACLARA – OCAÑA\no Inversión total: COP$34.500.772.355.\no Contrato de obra No. 1180 de 2018.\n-\no Objeto:  continuación  de  la  construcción,  mejoramiento,  rehabilitación,\nmantenimiento, gestión social, predial y ambiental de la Transversal Ocaña –\nAguaclara – Gamarra, tramo Aguaclara - Ocaña en los departamentos de\n_____________________________________________________________________________________________________\nINSTITUTO NACIONAL DE VÍAS Página 5 | 15\nDirección: Calle 25G # 73B - 90, Bogotá D.C., Colombia\nPBX: (+57) 601 377 0600 Línea gratuita: 018000117844\nCorreo institucional: atencionciudadano@invias.gov.co\nhttp://www.invias.gov.co')","('type', 'Document')"
"('id', None)","('metadata', {'producer': 'LibreOffice 5.2', 'creator': 'Writer', 'creationdate': '2024-08-17T01:17:41+00:00', 'author': 'Neiffeth Julieth Vargas Vargas', 'source': '../../../assets/DG_docs/PDFs_test/2024S-VBOG-056838.pdf', 'total_pages': 15, 'page': 5, 'page_label': '6'})","('page_content', 'Norte de Santander y Cesar.\no Inversión Obra: COP$31.311.213.502.\nCONTRATO PRINCIPAL Y ADICIONES:\nLOCALIZACIÓN Y LONGITUD DE LA META FÍSICA EJECUTADA:\n\uf0a7 Mantenimiento de la carpeta asfáltica con MDC-19 para bacheo entre los\nPR00+000 y PR54+787 en sectores identificados como críticos.\n\uf0a7 Rehabilitación de la estructura del pavimento con BTA y MDC-19:\n- PR13+500 al PR14+000 = 0.500 Km, PR14+000 al PR14+763 = 0.763\nKm, PR15+602 al PR15+765 = 0.163 Km, PR16+620 al PR16+515 =\n0.255  Km,  PR18+053  al  PR18+147  =  0.094  Km,  PR18+334  al\nPR18+398  =  0.064  Km,  PR26+480  al  PR26+554.77  =  0.075  Km,\nPR26+614.95 al PR26+695 = 0.080 Km, PR28+163 al PR28+203.59 =\n0.041  Km,  PR28+259.73  al  PR28+315  =  0.055  Km,  PR34+200  al\nPR34+304.25 = 0.104 Km, PR34+330.37 al PR34+450 = 0.120 Km,\nPR35+330 al PR35+630 = 0.300 Km, PR35+900 al PR35+977 = 0.097\nKm.\n\uf0a7 Suministro e instalación de los dispositivos de seguridad vial, demarcación\nhorizontal y señalización vertical a lo largo de todo el corredor vial de la\nruta nacional 7007, demarcación vial desde el PR00+000 al PR54+787.\nAsimismo, se colocaron y/o remplazaron defensas metálicas a todo lo largo\nde la vía, en los sitios en que estos faltaban o que habían sido impactadas\npor vehículos o hurtadas.\n\uf0a7 Terminación de tres puentes vehiculares y puesta en servicio. Estos se\nencontraban  incluidos  dentro  de  los  alcances  primarios  del  proyecto  y\nestán ubicados en las siguientes abscisas: puente vehicular PR26+600\n_____________________________________________________________________________________________________\nINSTITUTO NACIONAL DE VÍAS Página 6 | 15\nDirección: Calle 25G # 73B - 90, Bogotá D.C., Colombia\nPBX: (+57) 601 377 0600 Línea gratuita: 018000117844\nCorreo institucional: atencionciudadano@invias.gov.co\nhttp://www.invias.gov.co')","('type', 'Document')"
"('id', None)","('metadata', {'producer': 'LibreOffice 5.2', 'creator': 'Writer', 'creationdate': '2024-08-17T01:17:41+00:00', 'author': 'Neiffeth Julieth Vargas Vargas', 'source': '../../../assets/DG_docs/PDFs_test/2024S-VBOG-056838.pdf', 'total_pages': 15, 'page': 6, 'page_label': '7'})","('page_content', '(816),  puente  vehicular  PR28+230(495)  y  puente  vehicular  PR34+320\n(297).\n\uf0a7 Construcción y puesta en servicio del puente peatonal localizado en el\nPR43+600, en Rio de Oro (Cesar).\n\uf0a7 Construcción de 82 tramos de cuneta en el sector comprendido entre los\nPR01+130 -PR39+648\n\uf0a7 Se  atendieron  los  siguientes  sitios  críticos:  PR00+060,  PR09+103,\nPR16+750,  PR16+780,  PR29+850,  PR31+024,  PR31+455,  PR35+900,\nPR47+500, PR48+900, PR49+000 y PR52+756.\nVALOR TOTAL EJECUTADO DEL CONTRATO DE OBRA:\n\uf0a7 Valor básico ejecutado del contrato: COP$30.411.431.625 \n\uf0a7 Valor IVA: COP$597.091.795\n\uf0a7 Valor total ejecutado del contrato: COP$31.008.523.420\nRESUMEN FINANCIERO DEL CONTRATO DE OBRA:\nCONTRATO DE INTERVENTORÍA NO. 1238 DE 2018\n\uf0a7 Objeto: Interventoría para la continuación de  la  construcción,\nmejoramiento,  rehabilitación,  mantenimiento,  gestión  social,  predial  y\nambiental de la Transversal Ocaña - Aguaclara -Gamarra tramo Aguaclara\n- Ocaña en los departamentos de Norte de Santander y Cesar.\n\uf0a7 Inversión interventoría: $ 3.189.558.853\n_____________________________________________________________________________________________________\nINSTITUTO NACIONAL DE VÍAS Página 7 | 15\nDirección: Calle 25G # 73B - 90, Bogotá D.C., Colombia\nPBX: (+57) 601 377 0600 Línea gratuita: 018000117844\nCorreo institucional: atencionciudadano@invias.gov.co\nhttp://www.invias.gov.co')","('type', 'Document')"
"('id', None)","('metadata', {'producer': 'LibreOffice 5.2', 'creator': 'Writer', 'creationdate': '2024-08-17T01:17:41+00:00', 'author': 'Neiffeth Julieth Vargas Vargas', 'source': '../../../assets/DG_docs/PDFs_test/2024S-VBOG-056838.pdf', 'total_pages': 15, 'page': 7, 'page_label': '8'})","('page_content', 'CONTRATO PRINCIPAL Y ADICIONES:\n2. ¿Indique el estado actual del contrato APP No,002 de 2022, de acuerdo con el\ncronograma de actividades, señalando las fechas programadas de entrega de\neste corredor por fases?\n3. ¿Indique el estado actual del contrato APP No,003 de 2022, de acuerdo con el\ncronograma de actividades, señalando las fechas programadas de entrega de\neste corredor por fases?\n4. Suministrar un informe completo sobre ¿cómo va el avance del contrato de\nconcesión Ruta del sol III, que se ha hecho a la fecha, modificación de plan de\nobras, se iniciaron los trabajos o actividades; explicar todas las situaciones\njurídicas y financiera y explicación concreta sobre la demora de esta obra?\n5. ¿Indicar cuál es la fecha programada para la entrega de ruta del sol III, por\ncorredores viales:\na) San Roque-La ye de Ciénaga\nb) Carmen de Bolívar-Bosconia-Valledupar.\n6. ¿Para cuándo se tiene prevista o proyectada la terminación al 100% de esta obra\npara ser entregada a la comunidad?\nFrente a las preguntas 2 a 6 del presente cuestionario, se informa que, me diante oficio\nINVÍAS 2024S-VBOG-053099 se dio traslado por competencia a la Agencia Nacional de\nInfraestructura  –  ANI.  En  el  siguiente  enlace  podrá  evidenciarse  el  documento  de\n_____________________________________________________________________________________________________\nINSTITUTO NACIONAL DE VÍAS Página 8 | 15\nDirección: Calle 25G # 73B - 90, Bogotá D.C., Colombia\nPBX: (+57) 601 377 0600 Línea gratuita: 018000117844\nCorreo institucional: atencionciudadano@invias.gov.co\nhttp://www.invias.gov.co')","('type', 'Document')"
"('id', None)","('metadata', {'producer': 'LibreOffice 5.2', 'creator': 'Writer', 'creationdate': '2024-08-17T01:17:41+00:00', 'author': 'Neiffeth Julieth Vargas Vargas', 'source': '../../../assets/DG_docs/PDFs_test/2024S-VBOG-056838.pdf', 'total_pages': 15, 'page': 8, 'page_label': '9'})","('page_content', 'traslado:\nhttps://invias-\nmy.sharepoint.com/:b:/g/personal/julloa_invias_gov_co/EbWdPTZzaVNKoBjiKxp9ZOwB7\nJumRn6UwTaj4s_UYm3Phw?e=kKqy4M  .\nB. CONSTRUCCIÓN Y MANTENIMIENTO DE VÍAS EN EL DEPARTAMENTO DE CESAR\n1. Sírvase indicar el estado actual del contrato interadministrativo No. 2177 del\n2021 suscrito entre el INVIAS y Findeter, dentro del cual está incluida la segunda\netapa de la construcción de la segunda calzada de la vía Valledupar- La Paz,\n¿indicando cuándo comenzarán las respectivas obras?\nEl  Instituto  Nacional  de  Vías  –  INVÍAS  y  FINDETER,  suscribieron  el  contrato\nInteradministrativo No. 2177 de 2021, cuyo objeto consiste en: “PRESTAR EL SERVICIO\nDE FINANCIACIÓN A TRAVÉS DE CRÉDITO DE REDESCUENTO, ADMINISTRACIÓN\nDE RECURSOS Y ASISTENCIA TÉCNICA DE LOS PROYECTOS PRIORIZADOS EN EL\nMARCO DEL PROGRAMA VÍAS PARA LA CONEXIÓN DE TERRITORIOS PARA EL\nDESARROLLO, EL CRECIMIENTO SOSTENIBLE Y LA REACTIVACIÓN 2.0. DEL\nINSTITUTO NACIONAL DE VÍAS – INVÍAS”.\nEn  el  marco  del  mencionado  contrato,  se  priorizó  el  proyecto  “SEGUNDA C ALZADA\nVALLEDUPAR – LA PAZ”, dicho proyecto se encuentra respaldado con autorización de cupo\nde  vigencias  futuras  hasta  la  vigencia  2026.  Como  consecuencia  de  lo  anterior,\nFINDETER dando cumplimiento a las obligaciones contractuales, realizó la estructuración\ny convocatoria del contrato de obra e Interventoría para el proyecto.\nDe acuerdo con lo anterior, actualmente el proyecto se encuentra en ejecución bajo el\ncontrato de obra derivado No. PAF-ATINVIAS-O-012-2023, cuyo objeto consiste en la\n“CONSTRUCCIÓN DE LA SEGUNDA CALZADA VALLEDUPAR – L A PAZ EN EL DEPARTAMENTO DE\nCESAR, EN EL MARCO DE LA REACTIVACIÓN ECONÓMICA, MEDIANTE EL PROGRAMA VÍAS PARA LA\nCONEXIÓN DE TERRITORIOS EL CRECIMIENTO SOSTENIBLE Y LA REACTIVACIÓN 2.0”. Aunado a\nesto, se indica que, dicho contrato actualmente se encuentra en ejecución y sus obras\ntienen fecha estimada de finalización en junio de 2025. \n2. ¿Teniendo  en  cuenta  que  hace  falta  por  culminar  la  construcción  de\naproximadamente  15  kilómetros  de  la  vía  Cuatro  Vientos  Codazzi,  sírvase\nindicar para cuando tiene previsto el gobierno nacional incluir los recursos para\nesta  pavimentación  dentro  del  marco  de  gastos  de  mediano  plazo,  para\ncomenzar esta obra?\nEl  contrato  para  el  corredor  Cuatro  Vientos  -  Codazzi  que  estuvo  a  cargo  de  la\nSubdirección  de  Modernización  de  Carreteras  Nacionales  de  INVIAS  se  encuentra\nfinalizado. Ahora bien, respecto a la culminación del corredor, el INVIAS se encuentra\nadelantando las gestiones pertinentes para la obtención de los recursos. \nDe otro lado, debe indicarse que, en el Plan Plurianual de Inversiones del Plan Nacional\nde Desarrollo 2022 - 2026 se encuentra priorizado el corredor Cuatro Vientos – El Banco.\n_____________________________________________________________________________________________________\nINSTITUTO NACIONAL DE VÍAS Página 9 | 15\nDirección: Calle 25G # 73B - 90, Bogotá D.C., Colombia\nPBX: (+57) 601 377 0600 Línea gratuita: 018000117844\nCorreo institucional: atencionciudadano@invias.gov.co\nhttp://www.invias.gov.co')","('type', 'Document')"
"('id', None)","('metadata', {'producer': 'LibreOffice 5.2', 'creator': 'Writer', 'creationdate': '2024-08-17T01:17:41+00:00', 'author': 'Neiffeth Julieth Vargas Vargas', 'source': '../../../assets/DG_docs/PDFs_test/2024S-VBOG-056838.pdf', 'total_pages': 15, 'page': 9, 'page_label': '10'})","('page_content', 'CUESTIONARIO HR HERNANDO GUIDA PONCE  \nD. RUTA DEL SOL SECTOR I Y OTROS PROYECTOS\nCUESTIONARIO AL INVÍAS\n1. Sírvase presentar un informe financiero del proyecto de infraestructura Ruta del\nSol Sector I, durante las vigencias 2018 a 2024, discriminando:\n\uf0b7 Número del contrato y contratista.\n\uf0b7 Valor inicial del contrato.\n\uf0b7 Valor contrato adicionales\n\uf0b7 Valor acumulado contrato.\n\uf0b7 Longitud del tramo y/o sector\n\uf0b7 Valor acumulado ejecutado (Corte abril 2024)\n\uf0b7 Beneficiarios.\nLa Ruta del Sol I fue entregada por la ANI al INVIAS en septiembre de 2022. Para el año\n2023 se realizó el proceso licitatorio cuyo objeto fue “GESTIÓN Y MANTENIMIENTO\nVIAL  INTEGRAL  DEL  CORREDOR  RUTA  DEL  SOL  SECTOR  1,  EN  EL\nDEPARTAMENTO DE CUNDINAMARCA”.\nEn el marco del proceso licitatorio se produjo:\n\uf0b7 CONTRATO DE OBRA No.: 1338-2023. \n\uf0b7 CONTRATISTA: CONSORCIO VÍAS DEL SOL 2023.\n\uf0b7 VALOR INICIAL CONTRATADO: $ 16.994.113.827.\n\uf0b7 VALOR ADICIÓN: $5.961.645.190.\n\uf0b7 VALOR ACUMULADO: $22.955.759.017.\n\uf0b7 VALOR EJECUTADO (a julio de 2024): $14.830.000.000.\n\uf0b7 CONTRATO DE INTERVENTORIA No.: 1177-2023.\n\uf0b7 CONTRATISTA: CONSORCIO CORREDOR VIAL RUTA DEL SOL.\n\uf0b7 VALOR INICIAL CONTRATADO: $ 1.849.984.768.\n\uf0b7 VALOR ADICIÓN: $ 538.354.810.\n\uf0b7 VALOR ACUMULADO: $ 2.388.339.578.\n\uf0b7 VALOR EJECUTADO (a julio de 2024): $2.310.000.000.\n\uf0b7 VALOR TOTAL EJECUTADO (a julio de 2024): $ 17.140.000.000.\n\uf0b7 LONGITUD DEL TRAMO: 59,16 km. que comprende PR 0+000 y el PR 59+162\nde la Ruta 5008B de la vía El Korán – Guaduas.\nCabe  resaltar  que  se  dio  respuesta  sobre  la  información  financiera  del  proyecto  de\ninfraestructura Ruta del Sol I en el numeral 1 del presente documento, cuestionario del\n_____________________________________________________________________________________________________\nINSTITUTO NACIONAL DE VÍAS Página 10 | 15\nDirección: Calle 25G # 73B - 90, Bogotá D.C., Colombia\nPBX: (+57) 601 377 0600 Línea gratuita: 018000117844\nCorreo institucional: atencionciudadano@invias.gov.co\nhttp://www.invias.gov.co')","('type', 'Document')"
"('id', None)","('metadata', {'producer': 'LibreOffice 5.2', 'creator': 'Writer', 'creationdate': '2024-08-17T01:17:41+00:00', 'author': 'Neiffeth Julieth Vargas Vargas', 'source': '../../../assets/DG_docs/PDFs_test/2024S-VBOG-056838.pdf', 'total_pages': 15, 'page': 10, 'page_label': '11'})","('page_content', 'Representante José Eliécer Salazar. Por su parte se informa que los beneficiarios del\nproyecto Ruta del Sol I corresponden a la población en el área de influencia de los\nmunicipios y sus alrededores de Puerto Salgar en el departamento de Cundinamarca,\nPuerto Araujo en el departamento de Santander, San Alberto, San Roque y Gamarra en el\ndepartamento de Cesar, y Aguaclara y Ocaña en el departamento de Norte de Santander.\n2. Explicar  el  estado  de  cada  uno  de  los  tres  sectores  de  la  Ruta  del  Sol  I,\ndetallando:\n\uf0b7 Los  factores  por  los  cuales  se  presentan  atrasos  en  la  terminación  y/o\nmantenimiento de algunos tramos.\n\uf0b7 Cuál es el costo de los aspectos pendientes.\n\uf0b7 Si se cuenta o no con esos recursos.\n\uf0b7 Cuál es el plan previsto para culminar completamente la Ruta del sol I.\n3. Qué  medidas  se  han  tomado  para  atender  los  reclamos  de  la  comunidad\nafectada por la construcción de la Ruta del sol I, tales como: secamiento de\nmanantiales,  incomunicación  entre  poblaciones,  incumplimiento  en  la\nterminación de dobles calzadas y túneles, pago de terrenos, entre otros.\nFrente a las preguntas 2 y 3 del presente cuestionario, se informa que, me diante oficio\nINVÍAS 2024S-VBOG-053251 se dio traslado por competencia a la Agencia Nacional de\nInfraestructura  –  ANI.  En  el  siguiente  enlace  podrá  evidenciarse  el  documento  de\ntraslado:\nhttps://invias-\nmy.sharepoint.com/:b:/g/personal/julloa_invias_gov_co/ESLp_kbK1LZFmIfnVqFF\nPwoBER0WRvCMnnvKvq_aTW7khw?e=A2hs2Z  .\n4. Informar cuando entrará en servicio la Variante Sur de Ciénaga (Magdalena).\nLas obras actualmente en desarrollo bajo el proyecto construcción de la Variante de\nCiénaga – departamento del Magdalena, una vez sean ejecutadas en su totalidad dentro\ndel plazo establecido para tal fin, deben\n agotar previamente una serie de trámites necesarios, dentro de los cuales se encuentra\ninicialmente el recibo a satisfacción de las obras por parte de la entidad contratante a\ntravés de la interventoria técnica, legal, financiera y administrativa contratada para que\nacompañe la correcta ejecución de las obras del proyecto, así como, el trámite de entrega\nde la infraestructura de la Variante de Ciénaga a la gobernación del Magdalena, entidad\nque ha permitido la intervención adelantada por el Instituto Nacional de Vías por medio de\nConvenio Interadministrativo No. 980 de 2015.\nSegún lo informado previamente, se considera que una vez surtidos todos los trámites en\ncomento, se estima que, en desarrollo del primer semestre de la próxima vigencia (2025),\npodría darse en debida forma la entrada en servicio de las obras en ejecución de la\nVariante Sur de Ciénaga. \n_____________________________________________________________________________________________________\nINSTITUTO NACIONAL DE VÍAS Página 11 | 15\nDirección: Calle 25G # 73B - 90, Bogotá D.C., Colombia\nPBX: (+57) 601 377 0600 Línea gratuita: 018000117844\nCorreo institucional: atencionciudadano@invias.gov.co\nhttp://www.invias.gov.co')","('type', 'Document')"
"('id', None)","('metadata', {'producer': 'LibreOffice 5.2', 'creator': 'Writer', 'creationdate': '2024-08-17T01:17:41+00:00', 'author': 'Neiffeth Julieth Vargas Vargas', 'source': '../../../assets/DG_docs/PDFs_test/2024S-VBOG-056838.pdf', 'total_pages': 15, 'page': 11, 'page_label': '12'})","('page_content', '5. Informar cuando se iniciará y terminará la construcción de los viaductos de la\nvía Ciénaga – Barranquilla.\nEl  Proyecto  Conexión  Puente  Pumarejo  –  Ciénaga  (Viaductos)  encargado  de  la\nConstrucción de los Viaductos de los PR19 y PR28 de la Vía Ciénaga – Barranquilla, tuvo\ncomo fecha de inicio contractual el 27 de julio de 2022. \nSe debe anotar que el inicio de las actividades de obra concernientes a la construcción\nfísica de los viaductos está supeditada a la expedición de la licencia ambiental por parte\nde la Autoridad Nacional de Licencias Ambientales (ANLA), la cual es requisito sine qua\nnon para comenzar las mencionadas actividades constructivas. Ahora bien, es menester\nmencionar que, a la fecha del presente, se encuentra en trámite de estudio y evaluación\npor  parte  de  dicha  autoridad  el  Estudio  de  Impacto  Ambiental  presentado  por  el\ncontratista,  desde  el  1º  de  diciembre  de  2023,  en  cumplimiento  del  procedimiento\nestablecido  correspondiente  a  la  verificación  preliminar  de  documentos  mínimos\nrequeridos por la ANLA.\nMediante Auto No. 000073 de fecha de 11 de enero de 2024, “ Por medio del cual se\ninicia un trámite administrativo de evaluación de la solicitud de la Licencia Ambiental al\nproyecto Contrato de obra No 981 de 2022 y se adoptan otras determinaciones ”, el cual\nviabiliza el inicio del término establecido para que la ANLA profiera decisión de fondo\nrespecto al licenciamiento ambiental del proyecto.\nTras  visitas  técnicas  y  reuniones  adelantadas  en  desarrollo  del  procedimiento\nadministrativo para la expedición de la licencia requerida para iniciar las actividades de\nobra  en  los  viaductos,  fueron  formuladas  algunas  observaciones  que  debían  ser\natendidas en un plazo inicial de un (1) mes, el cual podía ser prorrogado un (1) mes más\n(de ser el caso), acorde a lo establecido en los términos de referencia. Conforme a lo\nanterior,  y  en  razón  a  lo  técnicamente  demandante  que  resultaron  siendo  las\nobservaciones formuladas por la autoridad ambiental, el contratista requirió presentar\nsolicitud de ampliación del plazo otorgado inicialmente, en diez (10) meses más, con el\nobjetivo de atender estas observaciones con el suficiente rigor técnico-ambiental que\namerita un proyecto de la magnitud del presente. \nAsí las cosas, la nueva fecha de terminación para el plazo de entrega para atención de\nobservaciones realizadas, está establecido para el próximo 1º de marzo de 2025, según\nlo dispuesto en el Auto No. 002808 de 2 de mayo de 2024 expedido por la Autoridad\nNacional de Licencias Ambientales (ANLA), en el cual se concedió al contratista el plazo\nsolicitado de los ya referidos diez (10) meses más, con el fin de atender plenamente los\nrequerimientos de información adicional para complementación del Estudio de Impacto\nAmbiental (EIA). \nDe lo hasta aquí expuesto, se indica que una vez se encuentre ejecutoriado el Acto\nAdministrativo de otorgamiento de la Licencia Ambiental para el proyecto, se dará inicio\nformal y legal a las obras de construcción de los viaductos de los PR19 y PR28 de la vía\nCiénaga  –  Barranquilla,  los  cuales  tienen  como  fecha  establecida  para  cumplir  su\n_____________________________________________________________________________________________________\nINSTITUTO NACIONAL DE VÍAS Página 12 | 15\nDirección: Calle 25G # 73B - 90, Bogotá D.C., Colombia\nPBX: (+57) 601 377 0600 Línea gratuita: 018000117844\nCorreo institucional: atencionciudadano@invias.gov.co\nhttp://www.invias.gov.co')","('type', 'Document')"
"('id', None)","('metadata', {'producer': 'LibreOffice 5.2', 'creator': 'Writer', 'creationdate': '2024-08-17T01:17:41+00:00', 'author': 'Neiffeth Julieth Vargas Vargas', 'source': '../../../assets/DG_docs/PDFs_test/2024S-VBOG-056838.pdf', 'total_pages': 15, 'page': 12, 'page_label': '13'})","('page_content', 'materialización el 31 de julio de 2028, conforme a lo establecido en el Contrato No. 981\nde 2022.\n6. Informar si existe la posibilidad de reubicar el peaje de Tucurinca más cerca del\nmunicipio de Algarrobo con el fin de disminuir la afectación a los pobladores de\nAracataca, El Retén y Fundación (Magdalena).\nFrente a la pregunta 6 del presente cuestionario, se informa que, me diante oficio INVÍAS\n2024S-VBOG-053251  se  dio  traslado  por  competencia  a  la  Agencia  Nacional  de\nInfraestructura  –  ANI.  En  el  siguiente  enlace  podrá  evidenciarse  el  documento  de\ntraslado:\nhttps://invias-\nmy.sharepoint.com/:b:/g/personal/julloa_invias_gov_co/ESLp_kbK1LZFmIfnVqFF\nPwoBER0WRvCMnnvKvq_aTW7khw?e=A2hs2Z\nE. PROCESO DE RECUPERACIÓN FERROCARRILES NACIONALES\nCUESTIONARIO AL INVÍAS\n1. ¿Informar en términos absolutos y relativos cuántos km de la red férrea tiene a\ncargo y cuántos de estos están activos y que plan tiene para activar los km que\nestán inactivos?\nPor mandato del Decreto 1791 de 2003 le fue transferida la Red Férrea Nacional al\nInstituto Nacional de Vías – INVÍAS a título gratuito. Actualmente, se tiene propiedad de\n3.338 km de los cuales 1.734 están directamente a cargo de INVIAS y se encuentran\ninactivos. Es importante señalar que INVIAS solo tiene a cargo la red férrea inactiva,\nfunción  que  le  fue  ratificada  por  el  Plan  Maestro  Ferroviario  –  PMF  el  cual  es  un\ninstrumento  de  política  pública  para  orientar  la  definición  de  un  marco  institucional,\nnormativo y regulatorio que permitirá estructurar y ejecutar proyectos ferroviarios con\nbases sólidas que garanticen la sostenibilidad, rentabilidad y competitividad del modo en\nel largo plazo.\nCon  base  en  lo  expuesto,  el  INVÍAS  no  cuenta  con  proyectos  específicos  para  la\nreactivación  de  la  red  férrea  bajo  su  administración.  Por  lo  pronto,  dentro  de  sus\nprogramas se contemplan acciones para el mantenimiento y la preservación de esta\ninfraestructura. Sin embargo, se busca facilitar que la Agencia Nacional de Infraestructura\n– ANI, como entidad responsable de la red férrea activa en el país, pueda implementar\nplanes de reactivación parcial o total de la red inactiva con el mínimo de inconvenientes.\nCabe  destacar  que  estos  inmuebles  han  sido  objeto  de  constantes  invasiones  y\ndesmantelamientos.\n2. Explicar cuál es el plan de administración y/o manejo de las estaciones férreas\nde pasajeros declaradas Bienes de Interés Cultural del Ámbito Nacional y en\ngeneral  de  los  inmuebles  férreos  tales  como  sedes,  estaciones  de  carga,\n_____________________________________________________________________________________________________\nINSTITUTO NACIONAL DE VÍAS Página 13 | 15\nDirección: Calle 25G # 73B - 90, Bogotá D.C., Colombia\nPBX: (+57) 601 377 0600 Línea gratuita: 018000117844\nCorreo institucional: atencionciudadano@invias.gov.co\nhttp://www.invias.gov.co')","('type', 'Document')"
"('id', None)","('metadata', {'producer': 'LibreOffice 5.2', 'creator': 'Writer', 'creationdate': '2024-08-17T01:17:41+00:00', 'author': 'Neiffeth Julieth Vargas Vargas', 'source': '../../../assets/DG_docs/PDFs_test/2024S-VBOG-056838.pdf', 'total_pages': 15, 'page': 13, 'page_label': '14'})","('page_content', 'talleres, embarcaderos, corrales y campamentos.\nEl  Instituto  Nacional  de  Vías  recibió  una  vez  liquidado  el  extinto  FERROVIAS  por\ntransferencia del Ministerio de Transporte, la denominada Red Férrea Nacional, el cual\nfue  un  proceso  adelantado  hasta  el  año  2008.  Para  entonces  la  gran  mayoría  de\ninmuebles  entregados ya  presentaban  mal  estado  de  conservación,  principalmente,\nresultado de la inactividad de la mayor parte de ellos. \nEsta circunstancia llevó a INVÍAS a empezar a establecer prioridades y acciones posibles\npara la efectiva atención a esta infraestructura, incluida la declarada como bien de interés\ncultural, identificando las necesidades físicas, así como las condiciones jurídicas por\nacciones judiciales y fallos que la afectaban.\nAsí, para el año 2011 se estableció la necesidad de trabajar de forma conjunta con el\nMinisterio de Cultura a fin de poder agilizar y gestionar de forma efectiva la recuperación\nde  los  inmuebles  declarados  como  de  interés  cultural  del  ámbito  nacional  y  sus\nanexidades, de esta gestión surgió el convenio 2142 de 2011 el que tuvo por objeto:\n“Aunar esfuerzos técnicos, administrativos, jurídicos y financieros para desarrollar las\nestrategias, planes y programas tendientes a la implementación del Plan Nacional para la\nRecuperación de las Estaciones del Ferrocarril (PNREF) de propiedad del INVIAS”.\nEste convenio le permitió a INVÍAS ejecutar entre el 2011 y 2022, de una forma proactiva\ny efectiva la intervención de cerca de 50 inmuebles ferroviarios de su propiedad, donde\nademás de 43 estaciones se incluyeron bodegas, talleres, casas de ingenieros, entre\notros  espacios,  logrando  gestionar,  financiar  y  ejecutar  las  obras  siempre  con  el\nacompañamiento y respaldo del Ministerio de Cultura, fortaleciendo así la imagen positiva\nde las entidades en el territorio.\nDe  igual  forma,  el  convenio  permitió  optimizar  tiempos  y  recursos  enfocados  a  la\nrecuperación de inmuebles ferroviarios y contribuyó en el fortalecimiento de la opinión\npública en relación con la responsabilidad y cuidado del patrimonio ferroviario del país.\nEn  términos  de  gestión  del  patrimonio  cultural  ferroviario,  se  concretaron  las  rutas\njurídicas para la suscripción y entrega en comodato de las estaciones férreas a los entes\nterritoriales,  proceso  fundamental  para  garantizar  la  sostenibilidad  de  los  inmuebles\nrecuperados con la suscripción de los comodatos.\nConforme  a  lo  anterior,  el  manejo  por  parte  de  INVIAS  para  los  inmuebles  de  su\npropiedad ha estado coordinado permanentemente con las entidades reguladoras y las\nnecesidades de las comunidades en donde se encuentran, buscando siempre no solo la\nrecuperación física de esta infraestructura sino además su sostenibilidad y permanencia\nen el tiempo, de tal forma que después de un mantenimiento, restauración o recuperación\nde un inmueble debe existir un plan de uso que permita su ocupación, mantenimiento\nregular y sostenimiento.\nA la par, el Instituto apoyado en las distintas territoriales, adelanta la instauración de\nquerellas  de  forma  continua  en  las  diferentes  regiones  donde  existen  bienes  de  la\ninfraestructura ferroviaria en condición de ocupación ilegal a fin de realizar su restitución.\n_____________________________________________________________________________________________________\nINSTITUTO NACIONAL DE VÍAS Página 14 | 15\nDirección: Calle 25G # 73B - 90, Bogotá D.C., Colombia\nPBX: (+57) 601 377 0600 Línea gratuita: 018000117844\nCorreo institucional: atencionciudadano@invias.gov.co\nhttp://www.invias.gov.co')","('type', 'Document')"
"('id', None)","('metadata', {'producer': 'LibreOffice 5.2', 'creator': 'Writer', 'creationdate': '2024-08-17T01:17:41+00:00', 'author': 'Neiffeth Julieth Vargas Vargas', 'source': '../../../assets/DG_docs/PDFs_test/2024S-VBOG-056838.pdf', 'total_pages': 15, 'page': 14, 'page_label': '15'})","('page_content', '3. Informar acerca del plan de acción asociado a la operación de los pasos a nivel\ncon el fin de garantizar la operación segura y proteger al estado de eventuales\ndaños a terceros previniendo accidentes en los cuales se puedan afectar la vida\ny bienes de los usuarios de estos pasos a nivel.\nEn primer lugar, la proliferación de pasos a nivel irregulares en las ciudades es una\nproblemática preocupante que surge del crecimiento urbano desmedido, sin la debida\nconsideración de la preexistencia de la red férrea.\nLas  autoridades  municipales,  al  elaborar  sus  planes  de  urbanismo  han  omitido  en\nmuchos  casos  la  presencia  de  esta  infraestructura,  lo  que  ha  dado  lugar  a  cruces\nimprovisados que carecen de permisos y no cumplen con los estándares de seguridad.\nEsta  situación  no  solo  contraviene  el  Código  Nacional  de  Policía,  que  prohíbe  la\nconstrucción de pasos a nivel, sino que también pone en grave riesgo la vida e integridad\nde los usuarios de estos cruces irregulares.\nPara mitigar este problema, se hace indispensable la construcción de pasos a desnivel,\nya sean elevados o deprimidos, en los puntos donde la red férrea cruza con las vías\nurbanas. Solo así se podrá garantizar la fluidez y seguridad del tránsito tanto ferroviario\ncomo vehicular.\nAtentamente,\nJUAN CARLOS MONTENEGRO ARJONA\nDIRECTOR GENERAL\nProyectado Por: JULIO ANDRES ULLOA PALOMO\nRevisado Por:  DIANA CAROLINA SOTO SANCHEZ, JOSE MANUEL GOMEZ DUQUE, JUAN JOSE OYUELA SOLER,\nLILIAN  MARGARITA PETIT  OLIVELLA,  LAURA GERALDINE  SANDOVAL  BARRERA,  RUBY  AMPARO   MALAVER\nMONTAÑA\nAprobado Por: JUAN JOSE OYUELA SOLER, LAURA GERALDINE SANDOVAL BARRERA, RUBY AMPARO  MALAVER\nMONTAÑA\nCopia Interna a: MARISOL ANDRADE MARTINEZ (1000000)\nCopia Externa a: JUAN DAVID GARZON BAHAMON (MINISTERIO DE TRANSPORTE), GRUPO ENLACE CONGRESO\nMINTRANSPORTE (MINISTERIO DE TRANSPORTE), EGNNA DORAYNE FRANCO MÉNDEZ (AGENCIA NACIONAL DE\nINFRAESTRUCTURA - ANI), OSCAR HERNAN SALAZAR MONTES (AGENCIA NACIONAL DE INFRAESTRUCTURA)\n_____________________________________________________________________________________________________\nINSTITUTO NACIONAL DE VÍAS Página 15 | 15\nDirección: Calle 25G # 73B - 90, Bogotá D.C., Colombia\nPBX: (+57) 601 377 0600 Línea gratuita: 018000117844\nCorreo institucional: atencionciudadano@invias.gov.co\nhttp://www.invias.gov.co')","('type', 'Document')"
"('id', None)","('metadata', {'producer': 'LibreOffice 5.2', 'creator': 'Writer', 'creationdate': '2024-08-17T01:18:55+00:00', 'author': 'Neiffeth Julieth Vargas Vargas', 'source': '../../../assets/DG_docs/PDFs_test/2024S-VBOG-056839.pdf', 'total_pages': 8, 'page': 0, 'page_label': '1'})","('page_content', 'Al contestar cite este radicado: 2024S-VBOG-056839\nFecha: 2024-08-16 20:22:31\nDOCTOR:\nHR DIÓGENES QUINTERO AMAYA\nREPRESENTANTE A LA CÁMARA\nCONGRESO DE LA REPÚBLICA\nCRA 7 # 8-68 Of. 232B Edificio Nuevo del Congreso\ndiogenes.quintero@camara.gov.co\nBOGOTÁ, D.C.\nAsunto: Respuesta a los radicados 2024E-VUVRAZ-069741, 2024E-VUVRAZ-070800,\n2024E-VUVRAZ-070926 (Traslados con radicado MT No. 2024108089680), y 2024E-\nVUVRAZ-073902 (Traslado con radicado SGC-2-2024-008379).\nHonorable Representante Quintero, \nEn atención al derecho de petición presentado ante esta entidad y a su vez, trasladado\npor competencia por el Ministerio de Transporte y el Servicio Geológico Colombiano con\nlos radicados del asunto, mediante el cual se solicita “ Información sobre la vía Ocaña -\nCúcuta.”; de manera atenta,  se brinda respuesta a su petición de conformidad con lo\nreportado por la Dirección Técnica y de Estructuración del INVÍAS, en los siguientes\ntérminos: \n1. Acciones desplegadas para atender la emergencia y garantizar la transitabilidad\nen la vía:\n\uf0b7 Detalle las medidas y acciones específicas que se han implementado para\nasegurar  la  transitabilidad  en  la  vía  Ocaña  -  Cúcuta,  tras  la  emergencia\npresentada en el sector de El Tarrita.\nPara la atención de la emergencia que se presentó en las inmediaciones del municipio de\nEl Tarrita y que afectó el corredor vial a cargo del INVÍAS, se hizo la declaratoria de\nurgencia manifiesta mediante la Resolución No. 1856 del 2 de junio de 2023 “ Por la cual\nse declara la Urgencia Manifiesta para la atención de la emergencia vial registrada ente el\nPR47+0500 y el PR52+0500 de la Vía Ocaña - Alto del Pozo, Ruta Nacional 7008, en el\ndepartamento de Norte de Santander.”; producto de esto, se gestionaron recursos propios\ny  se  suscribieron  los  respectivos  contratos  de  obra  e  interventoría  por  valor  COP\n$18.499.705.879, los cuales se relacionan a continuación:\nNÚMERO\nCONTRATO OBJETO VALOR PLAZO INICIAL\n2187-2023\nURGENCIA MANIFIESTA PARA LA ATENCIÓN DE\nLA EMERGENCIA VIAL REGISTRADA ENTRE  EL\nPR 47+0500 Y EL PR52+0500 DE LA VÍA OCAÑA -\nALTO DEL POZO, RUTA NACIONAL 7008, EN EL\nDEPARTAMENTO DE NORTE DE SANTANDER.\nCOP 16.699.814.457,00\nFecha inicio: \n23 de junio de 2023\nFecha terminación: \n30 de septiembre de\n2024\n_____________________________________________________________________________________________________\nINSTITUTO NACIONAL DE VÍAS Página 1 | 8\nDirección: Calle 25G # 73B - 90, Bogotá D.C., Colombia\nPBX: (+57) 601 377 0600 Línea gratuita: 018000117844\nCorreo institucional: atencionciudadano@invias.gov.co\nhttp://www.invias.gov.co\nFecha: 2024-08-16 20:22:31\nRadicado: 2024S-VBOG-056839\nDestino: HR Diógenes Quintero Amaya\nAnexos: 0')","('type', 'Document')"
"('id', None)","('metadata', {'producer': 'LibreOffice 5.2', 'creator': 'Writer', 'creationdate': '2024-08-17T01:18:55+00:00', 'author': 'Neiffeth Julieth Vargas Vargas', 'source': '../../../assets/DG_docs/PDFs_test/2024S-VBOG-056839.pdf', 'total_pages': 8, 'page': 1, 'page_label': '2'})","('page_content', 'NÚMERO\nCONTRATO OBJETO VALOR PLAZO INICIAL\n2188-2023\nINTERVENTORÍA  A  LA  URGENCIA  MANIFIESTA\nPARA LA ATENCIÓN  DE  LA EMERGENCIA VIAL\nREGISTRADA ENTRE  EL  PR  47+0500  Y  EL  PR\n52+0500  DE  LA VÍA OCAÑA -  ALTO  DEL POZO,\nRUTA NACIONAL 7008,  EN  EL DEPARTAMENTO\nDE NORTE DE SANTANDER\nCOP 2.599.891.421,00\nFecha inicio: \n23 de junio de 2023\nFecha terminación: \n30 de septiembre de\n2024\nEs así como para restablecer las condiciones de movilidad en el corredor vial Ocaña -\nAlto del Pozo, Ruta Nacional 7008, entre el PR47+0500 y el PR52+0500, a la fecha se\nhan realizado las siguientes actividades:\no Remoción de lodos.\nVolumen del lodo removido 74,775 m3\nVolumen Material de cantera \nextraído e instalado 11,186 m3\nVolumen de Jarillón 6,020 m3\nVolumen de material movido 91,981 m3\no Construcción e instalación de Geocontenedores (relleno con material granular\ny cemento).\no Instalación de  dos  (2)  puentes  metálicos  modulares  semipermanentes  tipo\nAcrow, en el sector de El Turco con longitud de 27.45 metros y en El Tarrita de\n67.10 metros.\n_____________________________________________________________________________________________________\nINSTITUTO NACIONAL DE VÍAS Página 2 | 8\nDirección: Calle 25G # 73B - 90, Bogotá D.C., Colombia\nPBX: (+57) 601 377 0600 Línea gratuita: 018000117844\nCorreo institucional: atencionciudadano@invias.gov.co\nhttp://www.invias.gov.co')","('type', 'Document')"
"('id', None)","('metadata', {'producer': 'LibreOffice 5.2', 'creator': 'Writer', 'creationdate': '2024-08-17T01:18:55+00:00', 'author': 'Neiffeth Julieth Vargas Vargas', 'source': '../../../assets/DG_docs/PDFs_test/2024S-VBOG-056839.pdf', 'total_pages': 8, 'page': 2, 'page_label': '3'})","('page_content', 'o Se adecuaron y pavimentaron los accesos en los extremos de ambos puentes. \nSe dio apertura parcial de la vía el 17 de octubre de 2023. En la actualidad, se tiene\ncontrol del tránsito las 24 horas y los 7 días de la semana, con restricción de paso a un\ncarril en ambos puentes y peso restringido hasta 52 toneladas.\n2. Soluciones definitivas planteadas:\n_____________________________________________________________________________________________________\nINSTITUTO NACIONAL DE VÍAS Página 3 | 8\nDirección: Calle 25G # 73B - 90, Bogotá D.C., Colombia\nPBX: (+57) 601 377 0600 Línea gratuita: 018000117844\nCorreo institucional: atencionciudadano@invias.gov.co\nhttp://www.invias.gov.co')","('type', 'Document')"
"('id', None)","('metadata', {'producer': 'LibreOffice 5.2', 'creator': 'Writer', 'creationdate': '2024-08-17T01:18:55+00:00', 'author': 'Neiffeth Julieth Vargas Vargas', 'source': '../../../assets/DG_docs/PDFs_test/2024S-VBOG-056839.pdf', 'total_pages': 8, 'page': 3, 'page_label': '4'})","('page_content', '\uf0b7 Describa las soluciones definitivas que se han propuesto o están en curso\npara resolver los problemas ocasionados por la emergencia en la vía.\n\uf0b7 Proporcione  los  plazos  estimados  para  la  implementación  de  dichas\nsoluciones.\nAl  respecto,  como  medida  para  identificar  una  solución  definitiva  para  garantizar  la\ncorrecta operación del tránsito sobre el corredor Ocaña – Alto del Pozo, se adelantaron\nlos  procesos  de  selección  CMA-DTE-SPI-021-2024  y  CMA-DTE-SPI-022-2024  para\ncontratar la consultoría e interventoría, respectivamente, de los “ESTUDIOS Y DISEÑOS PARA\nEL CORREDOR UBICADO EN LA RUTA 7008 OCAÑA – ALTO DEL POZO SECTOR PR 47 – PR 53,\nDERIVADOS DE LA E MERGENCIA POR LA AVALANCHA EN EL M UNICIPIO DE A BREGO\nDEPARTAMENTO NORTE SANTANDER”.\nResultado de las referidas convocatorias se suscribieron los contratos 1989 de 2024, con\nel  CONSORCIO E STUDIOS 2024  para la consultoría y el 1954 de 2024, con la sociedad\nBRAIN INGENIERÍA VIAL S.A.S. para la interventoría a la consultoría. La orden de inicio\nde estos contratos se impartió el 31 de julio de 2024.\nSobre el particular, por medio de estos contratos se trabaja para identificar soluciones\npara el tramo comprendido entre el PR 47 y PR 53 del corredor Ocaña – Zulia, de acuerdo\ncon las necesidades planteadas en el alcance. Al respecto, los productos que atienden\ndicha necesidad son:\no HITO 1  : Diagnóstico integral del corredor de estudio incluyendo el diagnóstico\nde las infraestructuras existentes en el corredor y estudios y diseños a fase III\nde las obras e intervenciones necesarias para la estabilización, protección y/o\ncontención  de  los  sitios  críticos  o  de  inestabilidad  y  las  asociadas  a  la\ninfraestructura del corredor en estudio.\no HITO 2:   Estudios  y  diseños  a  fase  III  para  la  construcción  de  los  nuevos\npuentes el Turco y el Tarrita y sus obras complementarias\nAsí las cosas, en un plazo de seis (6) meses a partir del 31 de julio, serán entregados los\nresultados de estos hitos que permitan implementar soluciones definitivas al tramo objeto\nde los estudios y diseños.\n3. Proyectos de inversión para la construcción de doble calzada o vía 4G en el\ncorredor vial Ocaña - Cúcuta:\n\uf0b7 Indique si el gobierno tiene contemplado algún proyecto de inversión para la\nconstrucción de una doble calzada o una vía 4G en este corredor vial.\n\uf0b7 Proporcione  detalles  sobre  el  estado  de  estos  proyectos,  si  existen,\nincluyendo estudios previos, presupuestos asignados y fechas de inicio y\nfinalización estimadas.\n_____________________________________________________________________________________________________\nINSTITUTO NACIONAL DE VÍAS Página 4 | 8\nDirección: Calle 25G # 73B - 90, Bogotá D.C., Colombia\nPBX: (+57) 601 377 0600 Línea gratuita: 018000117844\nCorreo institucional: atencionciudadano@invias.gov.co\nhttp://www.invias.gov.co')","('type', 'Document')"
"('id', None)","('metadata', {'producer': 'LibreOffice 5.2', 'creator': 'Writer', 'creationdate': '2024-08-17T01:18:55+00:00', 'author': 'Neiffeth Julieth Vargas Vargas', 'source': '../../../assets/DG_docs/PDFs_test/2024S-VBOG-056839.pdf', 'total_pages': 8, 'page': 4, 'page_label': '5'})","('page_content', 'Actualmente el INVÍAS no adelanta ningún proceso en el que su alcance se encuentre la\nconstrucción de la doble calzada en el corredor vial Ocaña-Cúcuta; sin embargo, se está\nadelantando la gestión contractual de los siguientes procesos:\no El  proceso LP-DEO-SGI-019-2024 cuyo objeto es G ESTIÓN Y MANTENIMIENTO\nVIAL INTEGRAL DEL ÁREA METROPOLITANA DE C ÚCUTA:  RUTA 70,  TRAMO 7010\nCÚCUTA - PUENTE INTERNACIONAL SIMÓN BOLÍVAR; RUTA 55, TRAMO 5505 VÍA AV.\n10  DE LOS PATIOS DEL PR 131+500  AL PR 140;  TRAMO 5505 B ANILLO VIAL\nOCCIDENTAL DE CÚCUTA; TRAMO 5507 VÍA CÚCUTA - PUERTO SANTANDER DEL PR\n0+000  AL PR 2+900 ( CONECTOR DE LOS DOS ANILLOS VIALES);  TRAMO 55 NSA\nANILLO VIAL ORIENTAL DE C ÚCUTA ( SECTOR 1);  MANTENIMIENTO,  ATENCIÓN DE\nSITIOS CRÍTICOS Y ATENCIÓN DE OBRAS DE EMERGENCIA DE LAS RUTAS 70, TRAMO\n7009 SARDINATA - CÚCUTA; TRAMO 70NSA VARIANTE SARDINATA, (SECTOR 2); RUTA\n70,  TRAMO 7008  OCAÑA -  SARDINATA ( SECTOR 3);  Y RUTA 70,  TRAMO 7007\nAGUACLARA - O CAÑA, (SECTOR 4), el cual ya fue adjudicado y firmado el 12 de\nAgosto de 2024 con un presupuesto asignado de COP$26.526.615.898\no El proceso CMA-DEO-SGI-035-2024  cuyo objeto  es  INTERVENTORÍA TÉCNICA,\nADMINISTRATIVA,  FINANCIERA,  JURÍDICA,  PREDIAL Y AMBIENTAL PARA LA GESTIÓN Y\nMANTENIMIENTO VIAL INTEGRAL DEL ÁREA METROPOLITANA DE CÚCUTA:  RUTA 70,\nTRAMO 7010 C ÚCUTA -PUENTE INTERNACIONAL SIMÓN BOLÍVAR; RUTA 55, TRAMO\n5505 VÍA AV.  10 DE LOS PATIOS DEL PR 131+500  AL PR 140;  TRAMO 5505 B\nANILLO VIAL OCCIDENTAL DE CÚCUTA;  TRAMO 5507  VÍA CÚCUTA -  P UERTO\nSANTANDER DEL PR 0+000 AL PR 2+900 (CONECTOR DE LOS DOS ANILLOS VIALES);\nTRAMO 55 NSA A NILLO VIAL ORIENTAL DE CÚCUTA ( SECTOR 1);\nMANTENIMIENTO VIAL DE LA RUTA 70,  TRAMO 7009 S ARDINATA - C ÚCUTA;  TRAMO\n70NSA VARIANTE S ARDINATA,  (SECTOR 2);  RUTA 70,  TRAMO 7008  OCAÑA -\nSARDINATA ( SECTOR 3);  Y RUTA 70,  TRAMO7007 A GUACLARA -  OCAÑA, ( SECTOR\n4) el cual ya fue adjudicado y se encuentra en proceso de legalización con  un\nmonto asignado de COP$2.100.000.000.\nSe indica además que, con relación a proyectos relacionados con la construcción de vías\n4G en este corredor, se realizó traslado por competencia de esta inquietud a la Agencia\nNacional de Infraestructura – ANI mediante oficio 2024S-VBOG-053849.\n4. Acciones puntuales de intervención sobre la vía y diálogo con la comunidad:\n\uf0b7 Informe sobre las intervenciones específicas que se han realizado en la vía y\nlos resultados obtenidos hasta el momento.\nComo se indicó en la respuesta al numeral 1 de la petición bajo examen, se han realizado\ndiferentes actividades en la vía con ocasión de esta emergencia, tales como:\no Despeje de derrumbes y/o material proveniente de la avalancha entre el PR\n47+0500 y el PR 52+0500 código 7008.\n_____________________________________________________________________________________________________\nINSTITUTO NACIONAL DE VÍAS Página 5 | 8\nDirección: Calle 25G # 73B - 90, Bogotá D.C., Colombia\nPBX: (+57) 601 377 0600 Línea gratuita: 018000117844\nCorreo institucional: atencionciudadano@invias.gov.co\nhttp://www.invias.gov.co')","('type', 'Document')"
"('id', None)","('metadata', {'producer': 'LibreOffice 5.2', 'creator': 'Writer', 'creationdate': '2024-08-17T01:18:55+00:00', 'author': 'Neiffeth Julieth Vargas Vargas', 'source': '../../../assets/DG_docs/PDFs_test/2024S-VBOG-056839.pdf', 'total_pages': 8, 'page': 5, 'page_label': '6'})","('page_content', 'o Diagnóstico  de  los  Puentes  Paramillo  (PR47+0536  ruta  7008),  El  Turco\n(PR49+0310 ruta 7008) y El Tarrita (51+0947 ruta 7008).\no Suministro  e  instalación  de  dos  (2)  puentes  metálicos  modulares\nsemipermanentes tipo Acrow, de capacidad de carga 52 toneladas y longitud =\n27,45 m y 67.10 m.\no Estudios  y  diseños  de  los  estribos  y  aproches  para  apoyar  los  puentes\nmetálicos y el plan de manejo de tránsito.\no Construcción  de  estructura de pavimento: base granular, riego  de  liga  con\nemulsión asfáltica CRR-1 y mezcla densa en caliente Tipo MDC-19 en los\naccesos a los puentes metálicos.\no Construcción de estructura de concreto simple con sus marcas viales para\nprotección de los puentes metálicos que tienen restricciones de seguridad vial.\no Control vial turno diurno y nocturno, las 24 horas, 3 turnos.\no Debido a la pérdida de banca en el carril izquierdo, causado por ataque del rio\nTarra al talud inferior, que produjo afectaciones por erosión y socavación de las\nestructuras  de  contención  (Muro  ciclópeo)  y  drenaje  (Alcantarilla  de  36\npulgadas)  PR  49+0528,  se  realizaron  los  estudios  y  diseños  fase  III  y  la\nrespectiva  construcción  de  las  obras  de  protección,  recuperación  y\nestabilización de la banca de la carretera Ocaña - Sardinata, tramo Ocaña-Alto\ndel Pozo, código 7008, calzada sencilla, carril izquierdo. De igual forma en el\nPR 51+0500 además de la construcción del sistema de protección articulado\ncon hidro malla tipo geoestera para control de socavación del muro que se\nconstruyó con bolsacretos a nivel de mitigación.\no Construcción de obras de drenaje, terraplén y estructura de pavimento con\nmezcla  asfáltica  en  caliente sobre  la  calzada  existente  en  el  PR  52+0200\ndebido a la inundación de la calzada causado por cambio de las condiciones\ngeométricas y acumulación de sedimentos del cauce del río Tarra, alterado por\nel fenómeno de avalancha.\n\uf0b7 Describa cómo avanza el diálogo con la comunidad afectada en la búsqueda\nde soluciones a los problemas de la vía.\nMediante la ejecución de los contratos de obra 2187 de 2023 e interventoría 2188 de\n2023, el diálogo con la comunidad del área de influencia del proyecto en ejecución se\nimplementó de acuerdo con el Plan de Gestión Social – PGS aprobado para el contrato.\nEn virtud de esto, se han efectuado socializaciones y divulgación del proyecto, se han\ninstalado buzones para recepción de PQRS, puntos de Servicio de Atención al Usuario –\nSAU y se conformó la Veeduría Ciudadana como mecanismo de control social.\n5. Evaluaciones de riesgo y estudios técnicos realizados:\n\uf0b7 Proporcione copias de las evaluaciones de riesgo y estudios técnicos que se\nhan realizado sobre la vía Ocaña - Cúcuta, especialmente en el sector de El\nTarrita.\n_____________________________________________________________________________________________________\nINSTITUTO NACIONAL DE VÍAS Página 6 | 8\nDirección: Calle 25G # 73B - 90, Bogotá D.C., Colombia\nPBX: (+57) 601 377 0600 Línea gratuita: 018000117844\nCorreo institucional: atencionciudadano@invias.gov.co\nhttp://www.invias.gov.co')","('type', 'Document')"
"('id', None)","('metadata', {'producer': 'LibreOffice 5.2', 'creator': 'Writer', 'creationdate': '2024-08-17T01:18:55+00:00', 'author': 'Neiffeth Julieth Vargas Vargas', 'source': '../../../assets/DG_docs/PDFs_test/2024S-VBOG-056839.pdf', 'total_pages': 8, 'page': 6, 'page_label': '7'})","('page_content', '\uf0b7 Incluya información sobre las recomendaciones emitidas en dichos estudios\ny las acciones derivadas de estas recomendaciones.\nCon respecto a la solicitud de las evaluaciones de riesgo y estudios técnicos específicos\npara las intervenciones de los tramos de vía afectada por el fenómeno invernal del 31 de\nmayo de 2023, mediante el Contrato de Obra 2187 de 2023 se realizó la elaboración de\nlos estudios y diseños Fase III (Construcción) para la atención de la emergencia de\nacuerdo con los requisitos establecidos por la entidad contratante y contenidos en el\nApéndice B – “Especificaciones y Normas Técnicas” y “Las Especificaciones y Normas\nTécnicas Generales para Carreteras”.\no Estudios y diseños de las vías de acceso y estribos para los puentes sobre el\nRio Tarra PR 51+0934 y sobre la quebrada El Turco PR 49+0296.\no Plan  de  manejo  de  tránsito  para  operación  de  los  dos  puentes  metálicos\nprovisionales instalados sobre la quebrada El Turco y el rio Tarra en el tramo\n7008, que tienen restricciones de seguridad vial.\no Ejecutar  la  construcción  de  las  obras  de  protección,  recuperación  y\nestabilización de la banca de la carretera Ocaña - Sardinata, tramo Ocaña-Alto\ndel  Pozo,  código  7008  en  los  PR  49+0528,  PR  51+0040  y  PR  51+0500,\ncalzada sencilla, carril izquierdo, afectada por la avalancha sucedida el pasado\n31 de mayo de 2023, la cual presenta riesgos de inestabilidad por pérdidas\nparciales de banca como resultado de las temporadas invernales y cambios de\nla morfología del cauce del Rio Tarra en eventos posteriores.\nSe  adjunta  informe  final  de  dichos  estudios:  VOLUMEN  XV-  INFORME  FINAL\nEJECUTIVO ACCESOS TARRITA - TURCO.pdf\n6. Recursos asignados y utilizados:\n\uf0b7 Detalle  los  recursos  económicos  y  materiales  asignados  para  atender  la\nemergencia y mejorar la vía.\n\uf0b7 Proporcione un informe sobre el uso de estos recursos hasta la fecha.\nA continuación, se relacionan los contratos suscritos para la atención de esta emergencia\ny los recursos apropiados y porcentaje de ejecución a la fecha:\nITEM CONTRATO TIPO OBJETO VALOR TOTAL INCLUYE\nIVA\n1 2187 de\n2023 Obra\nURGENCIA MANIFIESTA PARA LA ATENCIÓN\nDE LA EMERGENCIA VIAL REGISTRADA\nENTRE EL PR47+0500 Y EL PR52+0500 DE LA\nVÍA OCAÑA –ALTO DEL POZO, RUTA\nNACIONAL 7008, EN EL DEPARTAMENTO DE\nNORTE DE SANTANDER.\nCOP 16.699.814.457\n2 2188 de\n2023\nInterventoría\nal contrato de\nobra\nINTERVENTORÍA A LA URGENCIA MANIFIESTA\nPARA LA ATENCIÓN DE LA EMERGENCIA VIAL\nREGISTRADA ENTRE EL PR 47+0500 Y EL PR\n52+0500 DE LA VÍA OCAÑA – ALTO DEL POZO,\nRUTA NACIONAL 7008, EN EL DEPARTAMENTO\nDE NORTE DE SANTANDER.\nCOP 2.599.891.421\n_____________________________________________________________________________________________________\nINSTITUTO NACIONAL DE VÍAS Página 7 | 8\nDirección: Calle 25G # 73B - 90, Bogotá D.C., Colombia\nPBX: (+57) 601 377 0600 Línea gratuita: 018000117844\nCorreo institucional: atencionciudadano@invias.gov.co\nhttp://www.invias.gov.co')","('type', 'Document')"
"('id', None)","('metadata', {'producer': 'LibreOffice 5.2', 'creator': 'Writer', 'creationdate': '2024-08-17T01:18:55+00:00', 'author': 'Neiffeth Julieth Vargas Vargas', 'source': '../../../assets/DG_docs/PDFs_test/2024S-VBOG-056839.pdf', 'total_pages': 8, 'page': 7, 'page_label': '8'})","('page_content', 'ITEM CONTRATO TIPO OBJETO VALOR TOTAL INCLUYE\nIVA\n3 1989 de\n2024 Consultoría\nESTUDIOS Y DISEÑOS PARA EL CORREDOR\nUBICADO EN LA RUTA 7008 OCAÑA – ALTO\nDEL POZO SECTOR PR 47 – PR 53,\nDERIVADOS DE LA EMERGENCIA POR LA\nAVALANCHA EN EL MUNICIPIO DE ABREGO\nDEPARTAMENTO NORTE SANTANDER.\nCOP 846.220.900\n4 1954 de\n2024.\nIntervent\noría al\ncontrato\nde\nconsultorí\na\nINTERVENTORÍA PARA LOS ESTUDIOS Y\nDISEÑOS PARA EL CORREDOR UBICADO EN\nLA RUTA 7008 OCAÑA – ALTO DEL POZO\nSECTOR PR 47 – PR 53, DERIVADOS DE LA\nEMERGENCIA POR LA AVALANCHA EN EL\nMUNICIPIO DE ABREGO DEPARTAMENTO\nNORTE SANTANDER.\nCOP 279.723.780\nITE\nM\nCONTRAT\nO\nFECHA DE\nINICIO\nFECHA DE\nTERMINACIÓN\nVALOR\nTOTAL\nINCLUYE\nIVA\nVALOR EJECUTADO\nINCLUYE IVA\n% DE EJECUCIÓN\nTOTAL INCLUYE IVA\n1\n2187 de\n2023\n23 de junio\nde 2023\n30 de\nseptiembre\nde 2024\nCOP\n16,699,814,457\nCOP\n13.092.361.285 78%\n2\n2188 de\n2023\n23 de junio\nde 2023\n30 de\nseptiembre\nde 2024\nCOP\n2.599.891.421 COP 1.907.282.314 73%\n3 1989 de\n2024\n01 de agosto\nde 2024\n31 de enero\nde 2025 COP 846.220.900 Inició el 1 de agosto\nde 2024 0%\n4\n1954 de\n2024.\n01 de agosto\nde 2024\n31 de enero\nde 2025 COP 279.723.780 Inició el 1 de agosto\nde 2024 0%\nPor último, el INVÍAS reitera su firme compromiso con las comunidades y, en general, con\ntodos los usuarios de los corredores viales que están a su cargo.\nAtentamente, \nJUAN CARLOS MONTENEGRO ARJONA\nDIRECTOR GENERAL\nProyectado Por: EDNA SAMANTHA RODRIGUEZ PINZON\nRevisado Por:  ANNY YIRLESA ARIAS SALAZAR, JOSE MANUEL GOMEZ DUQUE, LAURA GERALDINE SANDOVAL\nBARRERA, MAURICIO HERNAN CESPEDES SOLANO, RUBY AMPARO  MALAVER MONTAÑA\nAprobado Por: LAURA GERALDINE SANDOVAL BARRERA, MAURICIO HERNAN CESPEDES SOLANO, RUBY AMPARO\n MALAVER MONTAÑA\nCopia Interna a: MARISOL ANDRADE MARTINEZ (1000000)\nCopia Externa a:  GRUPO ENLACE CONGRESO MINTRANSPORTE (MINISTERIO DE TRANSPORTE), JUAN DAVID\nGARZON BAHAMON (MINISTERIO DE TRANSPORTE), HÉCTOR JULIO FIERRO MORALES (SERVICIO GEOLOGICO\nCOLOMBIANO)\n_____________________________________________________________________________________________________\nINSTITUTO NACIONAL DE VÍAS Página 8 | 8\nDirección: Calle 25G # 73B - 90, Bogotá D.C., Colombia\nPBX: (+57) 601 377 0600 Línea gratuita: 018000117844\nCorreo institucional: atencionciudadano@invias.gov.co\nhttp://www.invias.gov.co')","('type', 'Document')"
"('id', None)","('metadata', {'producer': 'LibreOffice 5.2', 'creator': 'Writer', 'creationdate': '2024-08-17T01:36:40+00:00', 'author': 'Neiffeth Julieth Vargas Vargas', 'source': '../../../assets/DG_docs/PDFs_test/2024S-VBOG-056844.pdf', 'total_pages': 1, 'page': 0, 'page_label': '1'})","('page_content', 'Al contestar cite este radicado: 2024S-VBOG-056844\nFecha: 2024-08-16 20:40:17\nDOCTOR:\nHR ERICK ADRÍAN VELASCO BURBANO\nREPRESENTANTE A LA CÁMARA\nCONGRESO DE LA REPÚBLICA\nCarrera 7 # 8-68 Oficina 317B - 318B - Edificio Nuevo del Congreso\nerick.velasco@camara.gov.co\nBOGOTÁ, D.C. \nAsunto: Respuesta al radicado 2024E-VUVRAZ-073541 (Traslado con radicado MT\nNº 20241080929931).\nCordial saludo Representante Velasco,\nEn atención a su solicitud trasladada por el Ministerio de Transporte por competencia, con\nel  radicado  del  asunto,  mediante  la  cual  solicita:  “Información  sobre  proyectos  de\ninversión desarrollados por el Ministerio a su cargo en el departamento de Nariño, dicha\ninformación se la solicita en términos de Proyectos de inversión desagregados, valores de\nestos, en el periodo de los años 2014 – 2024”.\nDe manera atenta, se brinda respuesta a su solicitud conforme a la información reportada\npor la Oficina Asesora de Planeación del INVÍAS, en los documentos Excel denominados: \nEjecución presupuestal de Inversión Departamento de Nariño 2014 - junio 2024.xlsx  y\nProgramación Nariño 2024 (2).xlsx\nAtentamente, \nJUAN CARLOS MONTENEGRO ARJONA\nDIRECTOR GENERAL\nProyectado Por: EMILY ALEXANDRA GUTIERREZ TORRES\nRevisado  Por:  GERMAN  PUENTES  AGUILAR,  JOSE  MANUEL GOMEZ  DUQUE,  LAURA GERALDINE  SANDOVAL\nBARRERA, LAURA GERALDINE SANDOVAL BARRERA, NESTOR JOSE GUIO TAMAYO, RUBY AMPARO  MALAVER\nMONTAÑA, VICTORIA ELENA GÓMEZ GÓMEZ, VICTORIA ELENA GÓMEZ GÓMEZ\nAprobado Por: GERMAN PUENTES AGUILAR, LAURA GERALDINE SANDOVAL BARRERA, RUBY AMPARO  MALAVER\nMONTAÑA\nCopia Interna a: MARISOL ANDRADE MARTINEZ (1000000)\nCopia Externa a: JUAN DAVID GARZON BAHAMON (MINISTERIO DE TRANSPORTE), GRUPO ENLACE CONGRESO\nMINTRANSPORTE (MINISTERIO DE TRANSPORTE)\n_____________________________________________________________________________________________________\nINSTITUTO NACIONAL DE VÍAS Página 1 | 1\nDirección: Calle 25G # 73B - 90, Bogotá D.C., Colombia\nPBX: (+57) 601 377 0600 Línea gratuita: 018000117844\nCorreo institucional: atencionciudadano@invias.gov.co\nhttp://www.invias.gov.co\nFecha: 2024-08-16 20:40:17\nRadicado: 2024S-VBOG-056844\nDestino: HR Erick Adrían Velasco Burbano\nAnexos: 0')","('type', 'Document')"
"('id', None)","('metadata', {'producer': 'LibreOffice 5.2', 'creator': 'Writer', 'creationdate': '2024-08-17T01:39:05+00:00', 'author': 'Neiffeth Julieth Vargas Vargas', 'source': '../../../assets/DG_docs/PDFs_test/2024S-VBOG-056845.pdf', 'total_pages': 4, 'page': 0, 'page_label': '1'})","('page_content', 'Al contestar cite este radicado: 2024S-VBOG-056845\nFecha: 2024-08-16 20:42:42\nDOCTORA:\nHR GLORIA LILIANA RODRÍGUEZ VALENCIA\nREPRESENTANTE A LA CÁMARA\nCONGRESO DE LA REPÚBLICA\nCarrera 7 # 8-68, Of. 522 - 523 - Edificio Nuevo del Congreso\ngloria.rodriguez@camara.gov.co\nBOGOTÁ, D.C.\nAsunto: Respuesta al radicado 2024E-VUVRAZ-073331.\nCordial saludo Representante Rodríguez,\nEn atención a su derecho de petición allegado con los radicados del asunto, mediante el\ncual  solicita  información  con  relación  a  los  peajes  ubicados  en  el  departamento  de\nCundinamarca; de manera atenta, se brinda respuesta de conformidad con lo reportado\npor la Dirección Técnica y de Estructuración del INVIAS, en los siguientes términos:\n1. Sírvase brindar cual es el criterio para establecer los peajes que estarán a\ncargo del INVIAS, cuales a cargo de la Agencia Nacional de Infraestructura\nANI y cuales a cargo de entidades territoriales. \nPara el caso de la Red Vial Nacional, la infraestructura puede ser administrada por la\nAgencia Nacional de Infraestructura – ANI o por el Instituto Nacional de Vías – INVÍAS.\nEs así como atendiendo las funciones de cada Entidad, la ANI, en desarrollo de su objeto\nsocial, estructura proyectos de concesión bajo la figura de Asociaciones Público-Privadas\n– APP , los cuales, una vez surtidos los trámites de que trata la Ley 1508 de 2012, son\nadjudicados a Concesionarios privados para el desarrollo de tales proyectos, trayendo\ncomo consecuencia la entrega por parte del INVÍAS de las estaciones de peaje que en los\nsectores objeto de la concesión se encuentren.\nAhora bien, a la terminación de los contratos de concesión por cumplimiento de su plazo,\no por haber alcanzado el valor ofertado o ante cualquier circunstancia que se presente,\ntanto la infraestructura vial, bienes, equipos y demás elementos que forman parte de los\nproyectos  concesionados, incluidas las  estaciones  de peaje que  formen parte de  los\nmismos, retornan a la Nación – Instituto Nacional de Vías para su administración, como\ntitular de la infraestructura que compone la red vial nacional.\nEn este orden de ideas, la totalidad de las estaciones de peaje a cargo de la ANI se\nencuentran ubicadas en vías concesionadas, en tanto las que están a cargo del INVIAS\nno son asociados a proyectos de concesión de infraestructura, ante lo cual, los recursos\npercibidos  en  aquellas  que  cuentan  con  peajes  se  invierten  de  conformidad  con  lo\n_____________________________________________________________________________________________________\nINSTITUTO NACIONAL DE VÍAS Página 1 | 4\nDirección: Calle 25G # 73B - 90, Bogotá D.C., Colombia\nPBX: (+57) 601 377 0600 Línea gratuita: 018000117844\nCorreo institucional: atencionciudadano@invias.gov.co\nhttp://www.invias.gov.co\nFecha: 2024-08-16 20:42:42\nRadicado: 2024S-VBOG-056845\nDestino: HR Gloria Liliana Rodríguez Valencia\nAnexos: 0')","('type', 'Document')"
"('id', None)","('metadata', {'producer': 'LibreOffice 5.2', 'creator': 'Writer', 'creationdate': '2024-08-17T01:39:05+00:00', 'author': 'Neiffeth Julieth Vargas Vargas', 'source': '../../../assets/DG_docs/PDFs_test/2024S-VBOG-056845.pdf', 'total_pages': 4, 'page': 1, 'page_label': '2'})","('page_content', 'dispuesto en el artículo 22 de la ley 105 de 1993, el cual establece:  “Destino de los\nrecursos  del  peaje.  En  la  asignación  de  los  recursos  del  Instituto  Nacional  de Vías,\nrecaudados  por  peajes,  como  mínimo  será  invertido  el  50%  para  construcción,\nrehabilitación y conservación de vías en el respectivo departamento donde se recaude y\nel excedente en la respectiva zona de influencia”. \nDicho lo anterior, vale la pena precisar que de las estaciones de peaje que operan a nivel\nnacional, el INVÍAS tiene a su cargo 31 de ellas distribuidas en 16 departamentos, que\nrepresentan el 17% del total a nivel nacional.\nDe otra parte, las estaciones de peaje que operan en vías a cargo de los departamentos\ncorresponden a sus propios proyectos que no forman parte de la red vial nacional ya\nreferida.\nNo obstante lo aquí informado, se dio traslado al Ministerio de Transporte mediante oficio\n2024S-VBOG-054561 sobre este cuestionamiento, a fin de que se amplie la información\nal respecto. \n2. Sírvase  dar  a  conocer  cuánto  es  el  recaudo  anual  de  los  peajes  de\nCundinamarca para los años 2021, 2022, 2023 y 2024 (desagregado por peaje\nen un Excel adjunto) De igual manera indique como se han distribuido los\nrecursos  en  el  departamento  y  la  nación;  ¿cuáles  son  los  criterios  de\ndistribución?\nA continuación, se relaciona el recaudo anual de los peajes ubicados en el departamento\nde Cundinamarca para las vigencias solicitadas:\nAl respecto se realizan las siguientes precisiones:\n\uf0b7 Estación de Peaje El Korán recibida de la ANI el 16 de septiembre de 2022.\n\uf0b7 Estaciones de Peaje Rio Bogotá y Corzo recibidas de la ANI el 27 de marzo de\n2024.\n\uf0b7 El  recaudo  neto  presentado  para  la  vigencia  2024  corresponde  al  período\ncomprendido entre el 01 de enero y el 30 de junio de 2024.\nPor otra parte, l a distribución  de los recursos de los ingresos de peaje se realiza de\nconformidad con el artículo 22 de la Ley 105 de 1993; adicionalmente, de acuerdo con los\narticulados de las Leyes Generales de Presupuesto, como por ejemplo el artículo 84 de la\nLey 2276 de 2022, “ Por la cual se decreta el presupuesto de rentas y recursos de capital\n_____________________________________________________________________________________________________\nINSTITUTO NACIONAL DE VÍAS Página 2 | 4\nDirección: Calle 25G # 73B - 90, Bogotá D.C., Colombia\nPBX: (+57) 601 377 0600 Línea gratuita: 018000117844\nCorreo institucional: atencionciudadano@invias.gov.co\nhttp://www.invias.gov.co')","('type', 'Document')"
"('id', None)","('metadata', {'producer': 'LibreOffice 5.2', 'creator': 'Writer', 'creationdate': '2024-08-17T01:39:05+00:00', 'author': 'Neiffeth Julieth Vargas Vargas', 'source': '../../../assets/DG_docs/PDFs_test/2024S-VBOG-056845.pdf', 'total_pages': 4, 'page': 2, 'page_label': '3'})","('page_content', 'y ley de apropiaciones para la vigencia del 01 de enero al 31 de diciembre de 2023 ”,\ndispone lo siguiente:\n \n“ARTÍCULO 84. Los recursos recaudados por concepto de peajes en vías de la red vial\nnacional  no  concesionada  serán  invertidos  por  el  Instituto  Nacional  de  Vías  en  la\nrehabilitación, conservación y mantenimiento de la vía objeto del peaje y, cuando esta\ncumpla  con  los  estándares  técnicos  requeridos,  los  recursos  remanentes  resultantes\npodrán destinarse por ese Instituto a la rehabilitación, conservación y mantenimiento de\nvías de la red vial nacional no concesionada en el o los departamentos de origen de los\nrecursos”.\n \nLa prioridad es realizar el mantenimiento rutinario de la red a cargo, que es la mínima\ninversión que se debe realizar, y el mantenimiento periódico de esta.\n \nConforme a la solicitud, se remite documento en Excel con la Ejecución presupuestal de\nInversión en el departamento de Cundinamarca de las vigencias 2021, 2022, 2023 y 2024\na junio, sobre los proyectos de la red no concesionada a cargo de INVÍAS.\nAsí mismo, mediante oficio INVÍAS 2024S-VBOG-054509 se dio traslado por competencia\na la Agencia Nacional de Infraestructura – ANI para que relacionara la información de los\npeajes a su cargo.\n3. Sírvase dar a conocer cuáles son los criterios por parte de su entidad para\nestablecer un peaje, así como para establecer las tarifas del mismo.\nLos lineamientos para determinar la viabilidad de establecer peajes o tarifas de peaje en\nlas estaciones a  cargo  del  INVÍAS, se encuentran  contendidos  en las  circulares  No.\n20181300236291 del 18 de junio de 2018, No. 20181400303461 del 3 de agosto de 2018\ny No. 20211340013661 del 8 de enero de 2021.\nAsí mismo, el artículo 21 de la ley 105 de 1993 determinó lo siguiente:\n“Para la fijación y cobro de tasas, tarifas y peajes, se observarán los siguientes\nprincipios:\na. Los ingresos provenientes de la utilización de la infraestructura de transporte,\ndeberán garantizar su adecuado mantenimiento, operación y desarrollo. \nb. Deberá cobrarse a todos los usuarios, con excepción de las motocicletas y\nbicicletas,  máquinas  extintoras  de  incendios  de  los  Cuerpos  de  Bomberos\nVoluntarios, Cuerpo de Bomberos Oficiales, ambulancias pertenecientes a la Cruz\nRoja, Defensa Civil, Hospitales Oficiales, Vehículos de las Fuerzas Militares y de la\nPolicía  Nacional,  vehículos  oficiales  del  Instituto  Nacional  Penitenciario  y\nCarcelario, Inpec, vehículos oficiales del (DAS) Departamento Administrativo de\nSeguridad ( hoy Migración Colombia)  y de las demás instituciones que prestan\nfunciones de Policía Judicial; \nc. El valor de las tasas o tarifas será determinado por la autoridad competente; su\nrecaudo estará a cargo de las entidades públicas o privadas, responsables de la\nprestación del servicio,\n_____________________________________________________________________________________________________\nINSTITUTO NACIONAL DE VÍAS Página 3 | 4\nDirección: Calle 25G # 73B - 90, Bogotá D.C., Colombia\nPBX: (+57) 601 377 0600 Línea gratuita: 018000117844\nCorreo institucional: atencionciudadano@invias.gov.co\nhttp://www.invias.gov.co')","('type', 'Document')"
"('id', None)","('metadata', {'producer': 'LibreOffice 5.2', 'creator': 'Writer', 'creationdate': '2024-08-17T01:39:05+00:00', 'author': 'Neiffeth Julieth Vargas Vargas', 'source': '../../../assets/DG_docs/PDFs_test/2024S-VBOG-056845.pdf', 'total_pages': 4, 'page': 3, 'page_label': '4'})","('page_content', 'd. Las tasas de peajes serán diferenciales, es decir, se fijarán en proporción a las\ndistancias recorridas, las características vehiculares y sus respectivos costos de\noperación. \ne. Para la determinación del valor del peaje y de las tasas de valorización, en las\nvías nacionales, se tendrá en cuenta un criterio de equidad fiscal”.\n4. Sírvase dar a conocer cuáles son los servicios que por normativa están\nobligados a brindar las concesiones  a la ciudadanía (rescate, asistencia,\netc.) de forma permanente. \nTal y como se informó previamente, la red vial concesionada se encuentra a cargo de la\nAgencia Nacional  de  Infraestructura, Entidad  que  incluyen  dentro de las obligaciones\ncontractuales de la concesión la prestación de este tipo de servicios a la ciudadanía, tales\ncomo, ambulancias, carro talleres y grúas; en razón a esto, mediante oficio 2024S-VBOG-\n054509 se le dio traslado por competencia.\nDe otra parte, la red vial a cargo del INVÍAS no es concesionada; adicionalmente, no\nexiste norma alguna que especifique la prestación de servicios asociados al usuario de la\nvía, en razón a lo anterior, el INVÍAS no desarrolla los proyectos con alcance de atención\ncon ambulancias, carro talleres y grúas, que estén asociados al pago de la tasa de peaje,\ntoda vez que la misma tiene su origen en el uso de la infraestructura vial.\n5. Sírvase dar a conocer si por parte de su entidad se tiene planeado establecer\nun peaje entre Bogotá y Soacha para la financiación del proyecto Avenida\nLongitudinal de Occidente tramo SUR – ALO SUR.\nPor tratarse la ALO SUR de un proyecto de concesión a cargo de la Agencia Nacional de\nInfraestructura – ANI, el Instituto Nacional de Vías – INVÍAS no tiene relación con la\ninstalación de peajes en el corredor Bogotá – Soacha, por lo anterior mediante oficio\n2024S-VBOG-054509 se dio traslado por competencia a la ANI.\nAtentamente, \nJUAN CARLOS MONTENEGRO ARJONA\nDIRECTOR GENERAL\nProyectado Por: EDNA SAMANTHA RODRIGUEZ PINZON\nRevisado Por:  ANNY YIRLESA ARIAS SALAZAR, JOSE MANUEL GOMEZ DUQUE, LAURA GERALDINE SANDOVAL\nBARRERA, MAURICIO HERNAN CESPEDES SOLANO, RUBY AMPARO  MALAVER MONTAÑA\nAprobado Por: LAURA GERALDINE SANDOVAL BARRERA, MAURICIO HERNAN CESPEDES SOLANO, RUBY AMPARO\n MALAVER MONTAÑA\nCopia Interna a: MARISOL ANDRADE MARTINEZ (1000000)\nCopia Externa a: JUAN DAVID GARZON BAHAMON (MINISTERIO DE TRANSPORTE), GRUPO ENLACE CONGRESO\nMINTRANSPORTE  (MINISTERIO  DE  TRANSPORTE),  ASUNTOS  LEGISLATIVOS  ANI  (AGENCIA  NACIONAL  DE\nINFRAESTRUCTURA ANI)\n_____________________________________________________________________________________________________\nINSTITUTO NACIONAL DE VÍAS Página 4 | 4\nDirección: Calle 25G # 73B - 90, Bogotá D.C., Colombia\nPBX: (+57) 601 377 0600 Línea gratuita: 018000117844\nCorreo institucional: atencionciudadano@invias.gov.co\nhttp://www.invias.gov.co')","('type', 'Document')"
